t,A_x,A_y,B_x,B_y,C_x,C_y,D_x,D_y,E_x,E_y
9.037669E0,1.128606E-3,-1.594635E-3,,,,,,,,
9.071018E0,1.128372E-3,-1.580695E-3,,,,,,,,
9.104367E0,1.143609E-3,-1.576694E-3,,,,,,,,
9.137717E0,1.121798E-3,-1.577565E-3,,,,,,,,
9.171066E0,1.127142E-3,-1.579211E-3,,,,,,,,
9.204415E0,1.306908E-3,-1.566271E-3,,,,,,,,
9.237765E0,2.158480E-3,-1.528717E-3,,,,,,,,
9.271114E0,3.005756E-3,-1.492819E-3,,,,,,,,
9.304463E0,4.355637E-3,-1.434974E-3,,,,,,,,
9.337813E0,5.728051E-3,-1.532451E-3,,,,,,,,
9.371162E0,7.435956E-3,-1.498556E-3,,,,,,,,
9.404511E0,9.331315E-3,-1.423833E-3,,,,,,,,
9.437861E0,1.154026E-2,-1.376829E-3,,,,,,,,
9.471210E0,1.401336E-2,-1.320658E-3,,,,,,,,
9.504559E0,1.677447E-2,-1.271505E-3,,,,,,,,
9.537909E0,1.974866E-2,-1.217757E-3,,,,,,,,
9.571258E0,2.284586E-2,-1.196433E-3,,,,,,,,
9.604607E0,2.661788E-2,-1.184178E-3,,,,,,,,
9.637957E0,3.032383E-2,-1.249751E-3,,,,,,,,
9.671306E0,3.405247E-2,-1.249234E-3,,,,,,,,
9.704655E0,3.800128E-2,-1.216125E-3,,,,,,,,
9.738005E0,4.226592E-2,-1.269498E-3,,,,,,,,
9.771354E0,4.700853E-2,-1.282170E-3,,,,,,,,
9.804703E0,5.180524E-2,-1.244812E-3,,,,,,,,
9.838053E0,5.708755E-2,-1.128813E-3,,,,,,,,
9.871402E0,6.229158E-2,-1.057611E-3,,,,,,,,
9.904751E0,6.787353E-2,-1.062541E-3,,,,,,,,
9.938101E0,7.377096E-2,-1.094253E-3,,,,,,,,
9.971450E0,7.976126E-2,-1.046887E-3,,,,,,,,
1.000480E1,8.599698E-2,-1.050164E-3,,,,,,,,
1.003815E1,9.211066E-2,-9.651646E-4,,,,,,,,
1.007150E1,9.857735E-2,-1.041290E-3,,,,,,,,
1.010485E1,1.056692E-1,-9.900312E-4,,,,,,,,
1.013820E1,1.128094E-1,-1.055266E-3,,,,,,,,
1.017155E1,1.202915E-1,-9.842961E-4,,,,,,,,
1.020490E1,1.274257E-1,-1.072899E-3,,,,,,,,
1.023824E1,1.349720E-1,-9.998922E-4,,,,,,,,
1.027159E1,1.430146E-1,-1.083533E-3,,,,,,,,
1.030494E1,1.510582E-1,-9.146989E-4,,,,,,,,
1.033829E1,1.594590E-1,-9.883951E-4,,,,,,,,
1.037164E1,1.682876E-1,-1.031593E-3,,,,,,,,
1.040499E1,1.770091E-1,-9.138508E-4,,,,,,,,
1.043834E1,1.860131E-1,-1.007539E-3,,,,,,,,
1.047169E1,1.950854E-1,-8.744252E-4,,,,,,,,
1.050504E1,2.050916E-1,-9.092804E-4,,,,,,,,
1.053839E1,2.147991E-1,-9.174840E-4,,,,,,,,
1.057174E1,2.245914E-1,-8.263379E-4,,,,,,,,
1.060509E1,2.349105E-1,-8.775032E-4,,,,,,,,
1.063844E1,2.455265E-1,-8.680451E-4,,,,,,,,
1.067179E1,2.563547E-1,-9.157454E-4,,,,,,,,
1.070514E1,2.672714E-1,-1.083270E-3,,,,,,,,
1.073848E1,2.779697E-1,-8.337250E-4,,,,,,,,
1.077183E1,2.900518E-1,-9.030368E-4,,,,,,,,
1.080518E1,3.012107E-1,-8.761569E-4,,,,,,,,
1.083853E1,3.132482E-1,-8.412570E-4,,,,,,,,
1.087188E1,3.254936E-1,-7.820007E-4,,,,,,,,
1.090523E1,3.373826E-1,-1.009593E-3,,,,,,,,
1.093858E1,3.508998E-1,-1.059852E-3,,,,,,,,
1.097193E1,3.637531E-1,-1.023298E-3,,,,,,,,
1.100528E1,3.766417E-1,-1.116481E-3,,,,,,,,
1.103863E1,3.901099E-1,-1.094357E-3,,,,,,,,
1.107198E1,4.033546E-1,-9.542462E-4,,,,,,,,
1.110533E1,4.168979E-1,-8.307223E-4,,,,,,,,
1.113868E1,4.307689E-1,-8.061476E-4,,,,,,,,
1.117203E1,4.453087E-1,-8.367589E-4,,,,,,,,
1.120538E1,4.595609E-1,-6.514842E-4,,,,,,,,
1.123872E1,4.743106E-1,-6.705218E-4,,,,,,,,
1.127207E1,4.888318E-1,-6.693364E-4,,,,,,,,
1.130542E1,5.036349E-1,-6.796717E-4,,,,,,,,
1.133877E1,5.196946E-1,-7.526531E-4,,,,,,,,
1.137212E1,5.333797E-1,-7.387821E-4,,,,,,,,
1.140547E1,5.491107E-1,-5.025530E-4,,,,,,,,
1.143882E1,5.652212E-1,-5.810274E-4,,,,,,,,
1.147217E1,5.810110E-1,-3.712869E-4,,,,,,,,
1.150552E1,5.971520E-1,-3.366266E-4,,,,,,,,
1.153887E1,6.130805E-1,-3.837929E-4,,,,,,,,
1.157222E1,6.297176E-1,-4.217798E-4,,,,,,,,
1.160557E1,6.457719E-1,-4.115356E-4,,,,,,,,
1.163892E1,6.626324E-1,-3.175976E-4,,,,,,,,
1.167227E1,6.797992E-1,-1.552204E-4,,,,,,,,
1.170562E1,6.966697E-1,-1.152914E-5,,,,,,,,
1.173896E1,7.144039E-1,-1.294963E-4,,,,,,,,
1.177231E1,7.324927E-1,7.579283E-4,,,,,,,,
1.180566E1,7.502603E-1,7.991210E-4,,,,,,,,
1.183901E1,7.689031E-1,6.633222E-4,,,,,,,,
1.187236E1,7.873666E-1,6.642839E-4,,,,,,,,
1.190571E1,8.063367E-1,6.622728E-4,,,,,,,,
1.193906E1,8.253630E-1,5.956379E-4,,,,,,,,
1.197241E1,8.453235E-1,5.601104E-4,,,,,,,,
1.200576E1,8.644187E-1,6.435803E-4,,,,,,,,
1.203911E1,8.848944E-1,4.824115E-4,,,,,,,,
1.207246E1,9.048458E-1,4.798087E-4,,,,,,,,
1.210581E1,9.256094E-1,3.755751E-4,,,,,,,,
1.213916E1,9.457271E-1,2.679227E-4,,,,,,,,
1.217251E1,9.668617E-1,3.044295E-4,,,,,,,,
1.220586E1,9.878403E-1,4.155713E-4,,,,,,,,
1.223920E1,1.009032E0,5.287806E-4,,,,,,,,
1.227255E1,1.030140E0,7.185222E-4,,,,,,,,
1.230590E1,1.051875E0,9.197354E-4,,,,,,,,
1.233925E1,1.073546E0,9.516115E-4,,,,,,,,
1.237260E1,1.096128E0,6.312304E-4,,,,,,,,
1.240595E1,1.118576E0,6.916655E-4,,,,,,,,
1.243930E1,1.140162E0,2.758447E-4,,,,,,,,
1.247265E1,1.161273E0,7.204496E-4,,,,,,,,
1.250600E1,,,,,,,,,,
1.253935E1,,,,,,,,,,
1.257270E1,,,,,,,,,,
1.260605E1,,,,,,,,,,
1.263940E1,,,,,,,,,,
1.267275E1,,,,,,,,,,
1.270610E1,,,,,,,,,,
1.273944E1,,,,,,,,,,
1.277279E1,,,,,,,,,,
1.280614E1,,,,,,,,,,
1.283949E1,,,,,,,,,,
1.287284E1,,,,,,,,,,
1.290619E1,,,,,,,,,,
1.293954E1,,,,,,,,,,
1.297289E1,,,,,,,,,,
1.300624E1,,,,,,,,,,
1.303959E1,,,,,,,,,,
1.307294E1,,,,,,,,,,
1.310629E1,,,,,,,,,,
1.313964E1,,,,,,,,,,
1.317299E1,,,,,,,,,,
1.320633E1,,,,,,,,,,
1.323968E1,,,,,,,,,,
1.327303E1,,,,,,,,,,
1.330638E1,,,,,,,,,,
1.333973E1,,,,,,,,,,
1.337308E1,,,,,,,,,,
1.340643E1,,,,,,,,,,
1.343978E1,,,,,,,,,,
1.347313E1,,,,,,,,,,
1.350648E1,,,,,,,,,,
1.353983E1,,,,,,,,,,
1.357318E1,,,,,,,,,,
1.360653E1,,,,,,,,,,
1.363988E1,,,,,,,,,,
1.367323E1,,,,,,,,,,
1.370657E1,,,,,,,,,,
1.373992E1,,,,,,,,,,
1.377327E1,,,,,,,,,,
1.380662E1,,,,,,,,,,
1.383997E1,,,,,,,,,,
1.387332E1,,,,,,,,,,
1.390667E1,,,,,,,,,,
1.394002E1,,,,,,,,,,
1.397337E1,,,,,,,,,,
1.400672E1,,,,,,,,,,
1.404007E1,,,,,,,,,,
1.407342E1,,,,,,,,,,
1.410677E1,,,,,,,,,,
1.414012E1,,,,,,,,,,
1.417347E1,,,,,,,,,,
1.420681E1,,,,,,,,,,
1.424016E1,,,,,,,,,,
1.427351E1,,,,,,,,,,
1.430686E1,,,,,,,,,,
1.434021E1,,,,,,,,,,
1.437356E1,,,,,,,,,,
1.440691E1,,,,,,,,,,
1.444026E1,,,,,,,,,,
1.447361E1,,,,,,,,,,
1.450696E1,,,,,,,,,,
1.454031E1,,,,,,,,,,
1.457366E1,,,,,,,,,,
1.460701E1,,,,,,,,,,
1.464036E1,,,,,,,,,,
1.467371E1,,,,,,,,,,
1.470705E1,,,,,,,,,,
1.474040E1,,,,,,,,,,
1.477375E1,,,,,,,,,,
1.480710E1,,,,,,,,,,
1.484045E1,,,,,,,,,,
1.487380E1,,,,,,,,,,
1.490715E1,,,,,,,,,,
1.494050E1,,,,,,,,,,
1.497385E1,,,,,,,,,,
1.500720E1,,,,,,,,,,
1.504055E1,,,,,,,,,,
1.507390E1,,,,,,,,,,
1.510725E1,,,,,,,,,,
1.514060E1,,,,,,,,,,
1.517395E1,,,,,,,,,,
1.520729E1,,,,,,,,,,
1.524064E1,,,,,,,,,,
1.527399E1,,,,,,,,,,
1.530734E1,,,,,,,,,,
1.534069E1,,,,,,,,,,
1.537404E1,,,,,,,,,,
1.540739E1,,,,,,,,,,
1.544074E1,,,,,,,,,,
1.547409E1,,,,,,,,,,
1.550744E1,,,,,,,,,,
1.554079E1,,,,,,,,,,
1.557414E1,,,,,,,,,,
1.560749E1,,,,,,,,,,
1.564084E1,,,,,,,,,,
1.567419E1,,,,,,,,,,
1.570753E1,,,,,,,,,,
1.574088E1,,,,,,,,,,
1.577423E1,,,,,,,,,,
1.580758E1,,,,,,,,,,
1.584093E1,,,,,,,,,,
1.587428E1,,,,,,,,,,
1.590763E1,,,,,,,,,,
1.594098E1,,,,,,,,,,
1.597433E1,,,,,,,,,,
1.600768E1,,,,,,,,,,
1.604103E1,,,,,,,,,,
1.607438E1,,,,,,,,,,
1.610773E1,,,,,,,,,,
1.614108E1,,,,,,,,,,
1.617443E1,,,,,,,,,,
1.620777E1,,,,,,,,,,
1.624112E1,,,,,,,,,,
1.627447E1,,,,,,,,,,
1.630782E1,,,,,,,,,,
1.634117E1,,,,,,,,,,
1.637452E1,,,,,,,,,,
1.640787E1,,,,,,,,,,
1.644122E1,,,,,,,,,,
1.647457E1,,,,,,,,,,
1.650792E1,,,,,,,,,,
1.654127E1,,,,,,,,,,
1.657462E1,,,,,,,,,,
1.660797E1,,,,,,,,,,
1.664132E1,,,,,,,,,,
1.667467E1,,,,,,,,,,
1.670801E1,,,,,,,,,,
1.674136E1,,,,,,,,,,
1.677471E1,,,,,,,,,,
1.680806E1,,,,,,,,,,
1.684141E1,,,,,,,,,,
1.687476E1,,,,,,,,,,
1.690811E1,,,,,,,,,,
1.694146E1,,,,,,,,,,
1.697481E1,,,,,,,,,,
1.700816E1,,,,,,,,,,
1.704151E1,,,,,,,,,,
1.707486E1,,,,,,,,,,
1.710821E1,,,,,,,,,,
1.714156E1,,,,,,,,,,
1.717491E1,,,,,,,,,,
1.720825E1,,,,,,,,,,
1.724160E1,,,,,,,,,,
1.727495E1,,,,,,,,,,
1.730830E1,,,,,,,,,,
1.734165E1,,,,,,,,,,
1.737500E1,,,,,,,,,,
1.740835E1,,,,,,,,,,
1.744170E1,,,,,,,,,,
1.747505E1,,,,,,,,,,
1.750840E1,,,,,,,,,,
1.754175E1,,,,,,,,,,
1.757510E1,,,,,,,,,,
1.760845E1,,,,,,,,,,
1.764180E1,,,,,,,,,,
1.767515E1,,,,,,,,,,
1.770849E1,,,,,,,,,,
1.774184E1,,,,,,,,,,
1.777519E1,,,1.646870E-3,-1.403052E-3,,,,,,
1.780854E1,,,1.672351E-3,-1.393419E-3,,,,,,
1.784189E1,,,1.664999E-3,-1.391920E-3,,,,,,
1.787524E1,,,1.667935E-3,-1.398289E-3,,,,,,
1.790859E1,,,1.660793E-3,-1.396101E-3,,,,,,
1.794194E1,,,1.672038E-3,-1.396951E-3,,,,,,
1.797529E1,,,2.110732E-3,-1.383230E-3,,,,,,
1.800864E1,,,2.938372E-3,-1.364043E-3,,,,,,
1.804199E1,,,3.700927E-3,-1.324616E-3,,,,,,
1.807534E1,,,4.789699E-3,-1.277459E-3,,,,,,
1.810869E1,,,6.148186E-3,-1.290626E-3,,,,,,
1.814204E1,,,7.743853E-3,-1.315067E-3,,,,,,
1.817539E1,,,9.540129E-3,-1.249751E-3,,,,,,
1.820873E1,,,1.171666E-2,-1.274655E-3,,,,,,
1.824208E1,,,1.389192E-2,-1.129139E-3,,,,,,
1.827543E1,,,1.657043E-2,-1.181902E-3,,,,,,
1.830878E1,,,1.940144E-2,-9.904209E-4,,,,,,
1.834213E1,,,2.249321E-2,-1.026948E-3,,,,,,
1.837548E1,,,2.583935E-2,-1.064351E-3,,,,,,
1.840883E1,,,2.957093E-2,-1.125983E-3,,,,,,
1.844218E1,,,3.327454E-2,-9.964991E-4,,,,,,
1.847553E1,,,3.720767E-2,-1.021847E-3,,,,,,
1.850888E1,,,4.175392E-2,-9.961457E-4,,,,,,
1.854223E1,,,4.594539E-2,-9.600742E-4,,,,,,
1.857558E1,,,5.055983E-2,-1.038670E-3,,,,,,
1.860893E1,,,5.561296E-2,-1.030724E-3,,,,,,
1.864228E1,,,6.081993E-2,-9.782007E-4,,,,,,
1.867563E1,,,6.624003E-2,-9.410999E-4,,,,,,
1.870897E1,,,7.198302E-2,-9.621544E-4,,,,,,
1.874232E1,,,7.789008E-2,-9.613781E-4,,,,,,
1.877567E1,,,8.398229E-2,-9.057003E-4,,,,,,
1.880902E1,,,9.057245E-2,-8.379834E-4,,,,,,
1.884237E1,,,9.667256E-2,-1.011785E-3,,,,,,
1.887572E1,,,1.032713E-1,-9.466346E-4,,,,,,
1.890907E1,,,1.104626E-1,-8.865672E-4,,,,,,
1.894242E1,,,1.177187E-1,-9.184284E-4,,,,,,
1.897577E1,,,1.252140E-1,-9.904024E-4,,,,,,
1.900912E1,,,1.325334E-1,-9.554094E-4,,,,,,
1.904247E1,,,1.405529E-1,-8.535135E-4,,,,,,
1.907582E1,,,1.486562E-1,-8.933938E-4,,,,,,
1.910917E1,,,1.567832E-1,-9.277236E-4,,,,,,
1.914252E1,,,1.652336E-1,-1.019447E-3,,,,,,
1.917587E1,,,1.740234E-1,-8.434291E-4,,,,,,
1.920921E1,,,1.830180E-1,-9.303389E-4,,,,,,
1.924256E1,,,1.919270E-1,-8.555416E-4,,,,,,
1.927591E1,,,2.016308E-1,-8.384688E-4,,,,,,
1.930926E1,,,2.111844E-1,-9.060592E-4,,,,,,
1.934261E1,,,2.210668E-1,-7.389888E-4,,,,,,
1.937596E1,,,2.310202E-1,-8.217438E-4,,,,,,
1.940931E1,,,2.412574E-1,-8.364551E-4,,,,,,
1.944266E1,,,2.514510E-1,-9.074717E-4,,,,,,
1.947601E1,,,2.626452E-1,-7.918321E-4,,,,,,
1.950936E1,,,2.730981E-1,-9.747620E-4,,,,,,
1.954271E1,,,2.841866E-1,-8.378615E-4,,,,,,
1.957606E1,,,2.955855E-1,-7.996208E-4,,,,,,
1.960941E1,,,3.079624E-1,-8.146101E-4,,,,,,
1.964276E1,,,3.193412E-1,-8.522164E-4,,,,,,
1.967611E1,,,3.313800E-1,-7.541072E-4,,,,,,
1.970945E1,,,3.439827E-1,-9.992400E-4,,,,,,
1.974280E1,,,3.568877E-1,-8.917908E-4,,,,,,
1.977615E1,,,3.700525E-1,-9.418146E-4,,,,,,
1.980950E1,,,3.827661E-1,-7.839380E-4,,,,,,
1.984285E1,,,3.962114E-1,-6.246938E-4,,,,,,
1.987620E1,,,4.096749E-1,-5.415939E-4,,,,,,
1.990955E1,,,4.232729E-1,-4.899770E-4,,,,,,
1.994290E1,,,4.368689E-1,-4.826209E-4,,,,,,
1.997625E1,,,4.509078E-1,-5.886226E-4,,,,,,
2.000960E1,,,4.650970E-1,-5.784601E-4,,,,,,
2.004295E1,,,4.794779E-1,-4.560341E-4,,,,,,
2.007630E1,,,4.944303E-1,-5.039912E-4,,,,,,
2.010965E1,,,5.098855E-1,-4.768467E-4,,,,,,
2.014300E1,,,5.246647E-1,-4.626792E-4,,,,,,
2.017635E1,,,5.403843E-1,-5.308084E-4,,,,,,
2.020969E1,,,5.558960E-1,-4.179914E-4,,,,,,
2.024304E1,,,5.718930E-1,-4.239791E-4,,,,,,
2.027639E1,,,5.888375E-1,-3.424452E-4,,,,,,
2.030974E1,,,6.059412E-1,-2.966489E-4,,,,,,
2.034309E1,,,6.208463E-1,-4.158967E-4,,,,,,
2.037644E1,,,6.366843E-1,-3.381303E-4,,,,,,
2.040979E1,,,6.542425E-1,-4.170878E-4,,,,,,
2.044314E1,,,6.703150E-1,-2.330588E-4,,,,,,
2.047649E1,,,6.862840E-1,-2.195155E-4,,,,,,
2.050984E1,,,7.039530E-1,-1.751406E-4,,,,,,
2.054319E1,,,7.217470E-1,-1.044840E-4,,,,,,
2.057654E1,,,7.394895E-1,-2.477060E-4,,,,,,
2.060989E1,,,7.580855E-1,-2.105723E-4,,,,,,
2.064324E1,,,7.768187E-1,-2.369062E-4,,,,,,
2.067659E1,,,7.951726E-1,-3.639837E-4,,,,,,
2.070993E1,,,8.139886E-1,-4.366482E-4,,,,,,
2.074328E1,,,8.339058E-1,-7.261393E-4,,,,,,
2.077663E1,,,8.531831E-1,-6.342693E-4,,,,,,
2.080998E1,,,8.728752E-1,-6.017479E-4,,,,,,
2.084333E1,,,8.928987E-1,-7.445583E-4,,,,,,
2.087668E1,,,9.127726E-1,-7.355410E-4,,,,,,
2.091003E1,,,9.332683E-1,-7.968141E-4,,,,,,
2.094338E1,,,9.539254E-1,-8.439894E-4,,,,,,
2.097673E1,,,9.747347E-1,-7.758637E-4,,,,,,
2.101008E1,,,9.956039E-1,-6.602657E-4,,,,,,
2.104343E1,,,1.017080E0,-6.059706E-4,,,,,,
2.107678E1,,,1.038239E0,-5.575130E-4,,,,,,
2.111013E1,,,1.059653E0,-5.533256E-4,,,,,,
2.114348E1,,,1.081987E0,-7.063897E-4,,,,,,
2.117683E1,,,1.104471E0,-1.480884E-4,,,,,,
2.121017E1,,,1.125307E0,-9.390198E-4,,,,,,
2.124352E1,,,1.147181E0,-2.224222E-5,,,,,,
2.127687E1,,,,,,,,,,
2.131022E1,,,,,,,,,,
2.134357E1,,,,,,,,,,
2.137692E1,,,,,,,,,,
2.141027E1,,,,,,,,,,
2.144362E1,,,,,,,,,,
2.147697E1,,,,,,,,,,
2.151032E1,,,,,,,,,,
2.154367E1,,,,,,,,,,
2.157702E1,,,,,,,,,,
2.161037E1,,,,,,,,,,
2.164372E1,,,,,,,,,,
2.167707E1,,,,,,,,,,
2.171041E1,,,,,,,,,,
2.174376E1,,,,,,,,,,
2.177711E1,,,,,,,,,,
2.181046E1,,,,,,,,,,
2.184381E1,,,,,,,,,,
2.187716E1,,,,,,,,,,
2.191051E1,,,,,,,,,,
2.194386E1,,,,,,,,,,
2.197721E1,,,,,,,,,,
2.201056E1,,,,,,,,,,
2.204391E1,,,,,,,,,,
2.207726E1,,,,,,,,,,
2.211061E1,,,,,,,,,,
2.214396E1,,,,,,,,,,
2.217730E1,,,,,,,,,,
2.221065E1,,,,,,,,,,
2.224400E1,,,,,,,,,,
2.227735E1,,,,,,,,,,
2.231070E1,,,,,,,,,,
2.234405E1,,,,,,,,,,
2.237740E1,,,,,,,,,,
2.241075E1,,,,,,,,,,
2.244410E1,,,,,,,,,,
2.247745E1,,,,,,,,,,
2.251080E1,,,,,,,,,,
2.254415E1,,,,,,,,,,
2.257750E1,,,,,,,,,,
2.261085E1,,,,,,,,,,
2.264420E1,,,,,,,,,,
2.267754E1,,,,,,,,,,
2.271089E1,,,,,,,,,,
2.274424E1,,,,,,,,,,
2.277759E1,,,,,,,,,,
2.281094E1,,,,,,,,,,
2.284429E1,,,,,,,,,,
2.287764E1,,,,,,,,,,
2.291099E1,,,,,,,,,,
2.294434E1,,,,,,,,,,
2.297769E1,,,,,,,,,,
2.301104E1,,,,,,,,,,
2.304439E1,,,,,,,,,,
2.307774E1,,,,,,,,,,
2.311109E1,,,,,,,,,,
2.314444E1,,,,,,,,,,
2.317778E1,,,,,,,,,,
2.321113E1,,,,,,,,,,
2.324448E1,,,,,,,,,,
2.327783E1,,,,,,,,,,
2.331118E1,,,,,,,,,,
2.334453E1,,,,,,,,,,
2.337788E1,,,,,,,,,,
2.341123E1,,,,,,,,,,
2.344458E1,,,,,,,,,,
2.347793E1,,,,,,,,,,
2.351128E1,,,,,,,,,,
2.354463E1,,,,,,,,,,
2.357798E1,,,,,,,,,,
2.361133E1,,,,,,,,,,
2.364468E1,,,,,,,,,,
2.367802E1,,,,,,,,,,
2.371137E1,,,,,,,,,,
2.374472E1,,,,,,,,,,
2.377807E1,,,,,,,,,,
2.381142E1,,,,,,,,,,
2.384477E1,,,,,,,,,,
2.387812E1,,,,,,,,,,
2.391147E1,,,,,,,,,,
2.394482E1,,,,,,,,,,
2.397817E1,,,,,,,,,,
2.401152E1,,,,,,,,,,
2.404487E1,,,,,,,,,,
2.407822E1,,,,,,,,,,
2.411157E1,,,,,,,,,,
2.414492E1,,,,,,,,,,
2.417826E1,,,,,,,,,,
2.421161E1,,,,,,,,,,
2.424496E1,,,,,,,,,,
2.427831E1,,,,,,,,,,
2.431166E1,,,,,,,,,,
2.434501E1,,,,,,,,,,
2.437836E1,,,,,,,,,,
2.441171E1,,,,,,,,,,
2.444506E1,,,,,,,,,,
2.447841E1,,,,,,,,,,
2.451176E1,,,,,,,,,,
2.454511E1,,,,,,,,,,
2.457846E1,,,,,,,,,,
2.461181E1,,,,,,,,,,
2.464516E1,,,,,,,,,,
2.467850E1,,,,,,,,,,
2.471185E1,,,,,,,,,,
2.474520E1,,,,,,,,,,
2.477855E1,,,,,,,,,,
2.481190E1,,,,,,,,,,
2.484525E1,,,,,,,,,,
2.487860E1,,,,,,,,,,
2.491195E1,,,,,,,,,,
2.494530E1,,,,,,,,,,
2.497865E1,,,,,,,,,,
2.501200E1,,,,,,,,,,
2.504535E1,,,,,,,,,,
2.507870E1,,,,,,,,,,
2.511205E1,,,,,,,,,,
2.514540E1,,,,,,,,,,
2.517874E1,,,,,,,,,,
2.521209E1,,,,,,,,,,
2.524544E1,,,,,,,,,,
2.527879E1,,,,,,,,,,
2.531214E1,,,,,,,,,,
2.534549E1,,,,,,,,,,
2.537884E1,,,,,,,,,,
2.541219E1,,,,,,,,,,
2.544554E1,,,,,,,,,,
2.547889E1,,,,,,,,,,
2.551224E1,,,,,,,,,,
2.554559E1,,,,,,,,,,
2.557894E1,,,,,,,,,,
2.561229E1,,,,,,,,,,
2.564564E1,,,,,,,,,,
2.567898E1,,,,,,,,,,
2.571233E1,,,,,,,,,,
2.574568E1,,,,,,,,,,
2.577903E1,,,,,,,,,,
2.581238E1,,,,,,,,,,
2.584573E1,,,,,,,,,,
2.587908E1,,,,,1.831333E-3,-1.550773E-4,,,,
2.591243E1,,,,,2.005366E-3,-1.438462E-4,,,,
2.594578E1,,,,,1.613519E-3,-1.378488E-4,,,,
2.597913E1,,,,,1.652306E-3,-1.416997E-4,,,,
2.601248E1,,,,,1.591345E-3,-1.308733E-4,,,,
2.604583E1,,,,,1.816803E-3,-1.403373E-4,,,,
2.607918E1,,,,,1.896229E-3,-1.359179E-4,,,,
2.611253E1,,,,,1.775219E-3,-1.479679E-4,,,,
2.614588E1,,,,,1.955548E-3,-1.543421E-4,,,,
2.617922E1,,,,,1.757048E-3,-1.502275E-4,,,,
2.621257E1,,,,,1.770407E-3,-1.432915E-4,,,,
2.624592E1,,,,,1.769352E-3,-1.509057E-4,,,,
2.627927E1,,,,,1.775108E-3,-1.464208E-4,,,,
2.631262E1,,,,,1.807751E-3,-1.393281E-4,,,,
2.634597E1,,,,,1.969002E-3,-1.522867E-4,,,,
2.637932E1,,,,,2.016596E-3,-1.575132E-4,,,,
2.641267E1,,,,,2.179581E-3,-1.602367E-4,,,,
2.644602E1,,,,,2.215990E-3,-1.768449E-4,,,,
2.647937E1,,,,,2.372017E-3,-1.230930E-4,,,,
2.651272E1,,,,,2.561463E-3,-1.145692E-4,,,,
2.654607E1,,,,,2.662056E-3,-1.168798E-4,,,,
2.657942E1,,,,,2.844962E-3,-1.163647E-4,,,,
2.661277E1,,,,,2.661544E-3,-1.142605E-4,,,,
2.664612E1,,,,,2.875828E-3,-1.213310E-4,,,,
2.667946E1,,,,,2.472976E-3,-1.238644E-4,,,,
2.671281E1,,,,,2.298823E-3,-1.528473E-4,,,,
2.674616E1,,,,,2.119779E-3,-1.702232E-4,,,,
2.677951E1,,,,,1.699331E-3,-1.469964E-4,,,,
2.681286E1,,,,,1.898024E-3,-1.250007E-4,,,,
2.684621E1,,,,,1.496940E-3,-1.205730E-4,,,,
2.687956E1,,,,,1.703393E-3,-1.369380E-4,,,,
2.691291E1,,,,,1.786042E-3,-1.436228E-4,,,,
2.694626E1,,,,,1.957584E-3,-1.296962E-4,,,,
2.697961E1,,,,,2.027422E-3,-1.305914E-4,,,,
2.701296E1,,,,,2.369243E-3,-1.052791E-4,,,,
2.704631E1,,,,,2.184939E-3,-1.515605E-4,,,,
2.707966E1,,,,,2.220617E-3,-1.271423E-4,,,,
2.711301E1,,,,,2.212526E-3,-1.495760E-4,,,,
2.714636E1,,,,,2.222662E-3,-1.306504E-4,,,,
2.717970E1,,,,,2.225115E-3,-1.465007E-4,,,,
2.721305E1,,,,,2.417609E-3,-1.106419E-4,,,,
2.724640E1,,,,,3.125071E-3,-1.213172E-4,,,,
2.727975E1,,,,,3.726249E-3,-1.009562E-4,,,,
2.731310E1,,,,,4.787464E-3,-2.212566E-4,,,,
2.734645E1,,,,,5.987869E-3,-1.032936E-4,,,,
2.737980E1,,,,,7.335217E-3,-5.747557E-5,,,,
2.741315E1,,,,,9.040314E-3,2.680964E-5,,,,
2.744650E1,,,,,1.109934E-2,1.100699E-5,,,,
2.747985E1,,,,,1.334135E-2,1.029982E-4,,,,
2.751320E1,,,,,1.580120E-2,1.941067E-4,,,,
2.754655E1,,,,,1.864185E-2,1.905799E-4,,,,
2.757990E1,,,,,2.146373E-2,2.965645E-4,,,,
2.761325E1,,,,,2.471498E-2,2.433402E-4,,,,
2.764660E1,,,,,2.826363E-2,2.562365E-4,,,,
2.767994E1,,,,,3.193083E-2,2.093259E-4,,,,
2.771329E1,,,,,3.561082E-2,1.853419E-4,,,,
2.774664E1,,,,,4.003261E-2,3.890928E-4,,,,
2.777999E1,,,,,4.396520E-2,3.389595E-4,,,,
2.781334E1,,,,,4.860873E-2,3.508572E-4,,,,
2.784669E1,,,,,5.331157E-2,2.828365E-4,,,,
2.788004E1,,,,,5.837035E-2,2.866070E-4,,,,
2.791339E1,,,,,6.361873E-2,3.333471E-4,,,,
2.794674E1,,,,,6.932764E-2,3.847385E-4,,,,
2.798009E1,,,,,7.512448E-2,3.392914E-4,,,,
2.801344E1,,,,,8.089841E-2,3.607031E-4,,,,
2.804679E1,,,,,8.693434E-2,3.843216E-4,,,,
2.808014E1,,,,,9.333831E-2,4.161645E-4,,,,
2.811349E1,,,,,9.993485E-2,4.019743E-4,,,,
2.814684E1,,,,,1.066095E-1,3.447078E-4,,,,
2.818018E1,,,,,1.137764E-1,4.923088E-4,,,,
2.821353E1,,,,,1.209845E-1,4.364175E-4,,,,
2.824688E1,,,,,1.285077E-1,3.564635E-4,,,,
2.828023E1,,,,,1.362815E-1,5.072407E-4,,,,
2.831358E1,,,,,1.443112E-1,3.876902E-4,,,,
2.834693E1,,,,,1.523273E-1,4.940257E-4,,,,
2.838028E1,,,,,1.606211E-1,4.241730E-4,,,,
2.841363E1,,,,,1.691346E-1,4.972060E-4,,,,
2.844698E1,,,,,1.779246E-1,3.950609E-4,,,,
2.848033E1,,,,,1.866989E-1,4.171907E-4,,,,
2.851368E1,,,,,1.958028E-1,4.757717E-4,,,,
2.854703E1,,,,,2.051098E-1,3.442080E-4,,,,
2.858038E1,,,,,2.152672E-1,3.313457E-4,,,,
2.861373E1,,,,,2.250129E-1,3.066444E-4,,,,
2.864708E1,,,,,2.356182E-1,3.320619E-4,,,,
2.868042E1,,,,,2.459667E-1,2.577632E-4,,,,
2.871377E1,,,,,2.568388E-1,2.717622E-4,,,,
2.874712E1,,,,,2.674430E-1,1.502270E-4,,,,
2.878047E1,,,,,2.782509E-1,-1.130689E-6,,,,
2.881382E1,,,,,2.898988E-1,2.422803E-4,,,,
2.884717E1,,,,,3.013441E-1,2.904923E-4,,,,
2.888052E1,,,,,3.129955E-1,4.215467E-4,,,,
2.891387E1,,,,,3.247979E-1,3.778238E-4,,,,
2.894722E1,,,,,3.373932E-1,2.344570E-4,,,,
2.898057E1,,,,,3.496396E-1,9.795479E-5,,,,
2.901392E1,,,,,3.626202E-1,8.783164E-5,,,,
2.904727E1,,,,,3.750839E-1,1.199199E-4,,,,
2.908062E1,,,,,3.881142E-1,1.556333E-4,,,,
2.911397E1,,,,,4.013546E-1,3.262311E-4,,,,
2.914732E1,,,,,4.150186E-1,5.298307E-4,,,,
2.918066E1,,,,,4.289348E-1,4.728772E-4,,,,
2.921401E1,,,,,4.428013E-1,5.354508E-4,,,,
2.924736E1,,,,,4.568087E-1,5.660437E-4,,,,
2.928071E1,,,,,4.708808E-1,6.522298E-4,,,,
2.931406E1,,,,,4.859906E-1,6.666950E-4,,,,
2.934741E1,,,,,5.005179E-1,7.486129E-4,,,,
2.938076E1,,,,,5.158190E-1,6.294838E-4,,,,
2.941411E1,,,,,5.300726E-1,5.572868E-4,,,,
2.944746E1,,,,,5.457276E-1,6.431902E-4,,,,
2.948081E1,,,,,5.615477E-1,6.401736E-4,,,,
2.951416E1,,,,,5.768585E-1,8.276213E-4,,,,
2.954751E1,,,,,5.930767E-1,8.821384E-4,,,,
2.958086E1,,,,,6.093182E-1,8.942864E-4,,,,
2.961421E1,,,,,6.243795E-1,8.890479E-4,,,,
2.964756E1,,,,,6.412498E-1,1.015156E-3,,,,
2.968090E1,,,,,6.585907E-1,1.004270E-3,,,,
2.971425E1,,,,,6.751890E-1,1.073017E-3,,,,
2.974760E1,,,,,6.930070E-1,9.942677E-4,,,,
2.978095E1,,,,,7.106759E-1,1.041262E-3,,,,
2.981430E1,,,,,7.285895E-1,9.825770E-4,,,,
2.984765E1,,,,,7.464929E-1,1.095294E-3,,,,
2.988100E1,,,,,7.650905E-1,1.083089E-3,,,,
2.991435E1,,,,,7.836302E-1,1.070429E-3,,,,
2.994770E1,,,,,8.021478E-1,9.685912E-4,,,,
2.998105E1,,,,,8.212474E-1,1.103648E-3,,,,
3.001440E1,,,,,8.415279E-1,1.013092E-3,,,,
3.004775E1,,,,,8.615278E-1,1.078342E-3,,,,
3.008110E1,,,,,8.814065E-1,8.993480E-4,,,,
3.011445E1,,,,,9.010568E-1,7.873604E-4,,,,
3.014780E1,,,,,9.211607E-1,8.391818E-4,,,,
3.018114E1,,,,,9.412680E-1,7.741087E-4,,,,
3.021449E1,,,,,9.620940E-1,6.645883E-4,,,,
3.024784E1,,,,,9.827091E-1,7.501852E-4,,,,
3.028119E1,,,,,1.004620E0,9.604596E-4,,,,
3.031454E1,,,,,1.025788E0,1.014864E-3,,,,
3.034789E1,,,,,1.047981E0,1.035999E-3,,,,
3.038124E1,,,,,1.069110E0,1.026619E-3,,,,
3.041459E1,,,,,1.090858E0,3.908040E-4,,,,
3.044794E1,,,,,1.112489E0,4.653319E-4,,,,
3.048129E1,,,,,1.135240E0,3.093972E-4,,,,
3.051464E1,,,,,1.156624E0,7.611214E-4,,,,
3.054799E1,,,,,,,,,,
3.058134E1,,,,,,,,,,
3.061469E1,,,,,,,,,,
3.064803E1,,,,,,,,,,
3.068138E1,,,,,,,,,,
3.071473E1,,,,,,,,,,
3.074808E1,,,,,,,,,,
3.078143E1,,,,,,,,,,
3.081478E1,,,,,,,,,,
3.084813E1,,,,,,,,,,
3.088148E1,,,,,,,,,,
3.091483E1,,,,,,,,,,
3.094818E1,,,,,,,,,,
3.098153E1,,,,,,,,,,
3.101488E1,,,,,,,,,,
3.104823E1,,,,,,,,,,
3.108158E1,,,,,,,,,,
3.111493E1,,,,,,,,,,
3.114827E1,,,,,,,,,,
3.118162E1,,,,,,,,,,
3.121497E1,,,,,,,,,,
3.124832E1,,,,,,,,,,
3.128167E1,,,,,,,,,,
3.131502E1,,,,,,,,,,
3.134837E1,,,,,,,,,,
3.138172E1,,,,,,,,,,
3.141507E1,,,,,,,,,,
3.144842E1,,,,,,,,,,
3.148177E1,,,,,,,,,,
3.151512E1,,,,,,,,,,
3.154847E1,,,,,,,,,,
3.158182E1,,,,,,,,,,
3.161517E1,,,,,,,,,,
3.164851E1,,,,,,,,,,
3.168186E1,,,,,,,,,,
3.171521E1,,,,,,,,,,
3.174856E1,,,,,,,,,,
3.178191E1,,,,,,,,,,
3.181526E1,,,,,,,,,,
3.184861E1,,,,,,,,,,
3.188196E1,,,,,,,,,,
3.191531E1,,,,,,,,,,
3.194866E1,,,,,,,,,,
3.198201E1,,,,,,,,,,
3.201536E1,,,,,,,,,,
3.204871E1,,,,,,,,,,
3.208206E1,,,,,,,,,,
3.211541E1,,,,,,,,,,
3.214875E1,,,,,,,,,,
3.218210E1,,,,,,,,,,
3.221545E1,,,,,,,,,,
3.224880E1,,,,,,,,,,
3.228215E1,,,,,,,,,,
3.231550E1,,,,,,,,,,
3.234885E1,,,,,,,,,,
3.238220E1,,,,,,,,,,
3.241555E1,,,,,,,,,,
3.244890E1,,,,,,,,,,
3.248225E1,,,,,,,,,,
3.251560E1,,,,,,,,,,
3.254895E1,,,,,,,,,,
3.258230E1,,,,,,,,,,
3.261565E1,,,,,,,,,,
3.264899E1,,,,,,,,,,
3.268234E1,,,,,,,,,,
3.271569E1,,,,,,,,,,
3.274904E1,,,,,,,,,,
3.278239E1,,,,,,,,,,
3.281574E1,,,,,,,,,,
3.284909E1,,,,,,,,,,
3.288244E1,,,,,,,,,,
3.291579E1,,,,,,,,,,
3.294914E1,,,,,,,,,,
3.298249E1,,,,,,,,,,
3.301584E1,,,,,,,,,,
3.304919E1,,,,,,,,,,
3.308254E1,,,,,,,,,,
3.311589E1,,,,,,,,,,
3.314923E1,,,,,,,,,,
3.318258E1,,,,,,,,,,
3.321593E1,,,,,,,,,,
3.324928E1,,,,,,,,,,
3.328263E1,,,,,,,,,,
3.331598E1,,,,,,,,,,
3.334933E1,,,,,,,,,,
3.338268E1,,,,,,,,,,
3.341603E1,,,,,,,,,,
3.344938E1,,,,,,,,,,
3.348273E1,,,,,,,,,,
3.351608E1,,,,,,,,,,
3.354943E1,,,,,,,,,,
3.358278E1,,,,,,,,,,
3.361613E1,,,,,,,,,,
3.364947E1,,,,,,,,,,
3.368282E1,,,,,,,,,,
3.371617E1,,,,,,,,,,
3.374952E1,,,,,,,,,,
3.378287E1,,,,,,,,,,
3.381622E1,,,,,,,,,,
3.384957E1,,,,,,,,,,
3.388292E1,,,,,,,,,,
3.391627E1,,,,,,,,,,
3.394962E1,,,,,,,,,,
3.398297E1,,,,,,,,,,
3.401632E1,,,,,,,,,,
3.404967E1,,,,,,,,,,
3.408302E1,,,,,,,,,,
3.411637E1,,,,,,,,,,
3.414971E1,,,,,,,,,,
3.418306E1,,,,,,,,,,
3.421641E1,,,,,,,,,,
3.424976E1,,,,,,,,,,
3.428311E1,,,,,,,,,,
3.431646E1,,,,,,,,,,
3.434981E1,,,,,,,,,,
3.438316E1,,,,,,,,,,
3.441651E1,,,,,,,,,,
3.444986E1,,,,,,,,,,
3.448321E1,,,,,,,,,,
3.451656E1,,,,,,,,,,
3.454991E1,,,,,,,,,,
3.458326E1,,,,,,,,,,
3.461661E1,,,,,,,,,,
3.464995E1,,,,,,,,,,
3.468330E1,,,,,,,,,,
3.471665E1,,,,,,,,,,
3.475000E1,,,,,,,,,,
3.478335E1,,,,,,,,,,
3.481670E1,,,,,,,,,,
3.485005E1,,,,,,,,,,
3.488340E1,,,,,,,,,,
3.491675E1,,,,,,,,,,
3.495010E1,,,,,,,,,,
3.498345E1,,,,,,,,,,
3.501680E1,,,,,,,,,,
3.505015E1,,,,,,,,,,
3.508350E1,,,,,,,,,,
3.511685E1,,,,,,,,,,
3.515019E1,,,,,,,,,,
3.518354E1,,,,,,,,,,
3.521689E1,,,,,,,,,,
3.525024E1,,,,,,,,,,
3.528359E1,,,,,,,,,,
3.531694E1,,,,,,,,,,
3.535029E1,,,,,,,,,,
3.538364E1,,,,,,,,,,
3.541699E1,,,,,,,,,,
3.545034E1,,,,,,,,,,
3.548369E1,,,,,,,,,,
3.551704E1,,,,,,,,,,
3.555039E1,,,,,,,,,,
3.558374E1,,,,,,,,,,
3.561709E1,,,,,,,,,,
3.565043E1,,,,,,,,,,
3.568378E1,,,,,,,,,,
3.571713E1,,,,,,,,,,
3.575048E1,,,,,,,,,,
3.578383E1,,,,,,,,,,
3.581718E1,,,,,,,,,,
3.585053E1,,,,,,,,,,
3.588388E1,,,,,,,,,,
3.591723E1,,,,,,,,,,
3.595058E1,,,,,,,,,,
3.598393E1,,,,,,,-1.297942E-4,-1.705946E-3,,
3.601728E1,,,,,,,-1.960096E-4,-1.686323E-3,,
3.605063E1,,,,,,,-1.845387E-4,-1.685942E-3,,
3.608398E1,,,,,,,-1.693110E-4,-1.688517E-3,,
3.611733E1,,,,,,,-1.620237E-4,-1.683851E-3,,
3.615067E1,,,,,,,-1.608741E-4,-1.681874E-3,,
3.618402E1,,,,,,,-1.568957E-4,-1.684944E-3,,
3.621737E1,,,,,,,-1.601910E-4,-1.689058E-3,,
3.625072E1,,,,,,,-1.463249E-4,-1.687669E-3,,
3.628407E1,,,,,,,2.684620E-4,-1.717677E-3,,
3.631742E1,,,,,,,1.119587E-3,-1.671400E-3,,
3.635077E1,,,,,,,1.651040E-3,-1.636266E-3,,
3.638412E1,,,,,,,3.000978E-3,-1.555525E-3,,
3.641747E1,,,,,,,4.170473E-3,-1.698248E-3,,
3.645082E1,,,,,,,5.747510E-3,-1.584313E-3,,
3.648417E1,,,,,,,7.745698E-3,-1.512080E-3,,
3.651752E1,,,,,,,9.683491E-3,-1.444900E-3,,
3.655087E1,,,,,,,1.212055E-2,-1.500101E-3,,
3.658422E1,,,,,,,1.457928E-2,-1.355568E-3,,
3.661757E1,,,,,,,1.745090E-2,-1.462509E-3,,
3.665091E1,,,,,,,2.050188E-2,-1.469867E-3,,
3.668426E1,,,,,,,2.391989E-2,-1.524877E-3,,
3.671761E1,,,,,,,2.722575E-2,-1.570411E-3,,
3.675096E1,,,,,,,3.096124E-2,-1.405608E-3,,
3.678431E1,,,,,,,3.493633E-2,-1.472441E-3,,
3.681766E1,,,,,,,3.933443E-2,-1.406606E-3,,
3.685101E1,,,,,,,4.377298E-2,-1.480061E-3,,
3.688436E1,,,,,,,4.834948E-2,-1.460569E-3,,
3.691771E1,,,,,,,5.326439E-2,-1.402840E-3,,
3.695106E1,,,,,,,5.881056E-2,-1.333361E-3,,
3.698441E1,,,,,,,6.390129E-2,-1.307214E-3,,
3.701776E1,,,,,,,6.967913E-2,-1.323314E-3,,
3.705111E1,,,,,,,7.533896E-2,-1.299516E-3,,
3.708446E1,,,,,,,8.138636E-2,-1.247307E-3,,
3.711781E1,,,,,,,8.762208E-2,-1.198056E-3,,
3.715115E1,,,,,,,9.427859E-2,-1.568362E-3,,
3.718450E1,,,,,,,1.008586E-1,-1.274191E-3,,
3.721785E1,,,,,,,1.079049E-1,-1.186837E-3,,
3.725120E1,,,,,,,1.151346E-1,-1.235471E-3,,
3.728455E1,,,,,,,1.223497E-1,-1.158986E-3,,
3.731790E1,,,,,,,1.297377E-1,-1.120376E-3,,
3.735125E1,,,,,,,1.376239E-1,-1.251045E-3,,
3.738460E1,,,,,,,1.456351E-1,-1.166380E-3,,
3.741795E1,,,,,,,1.538104E-1,-1.243912E-3,,
3.745130E1,,,,,,,1.620172E-1,-1.158187E-3,,
3.748465E1,,,,,,,1.708239E-1,-1.254929E-3,,
3.751800E1,,,,,,,1.796508E-1,-1.178302E-3,,
3.755135E1,,,,,,,1.884577E-1,-1.226730E-3,,
3.758470E1,,,,,,,1.976987E-1,-1.197416E-3,,
3.761805E1,,,,,,,2.072734E-1,-1.255393E-3,,
3.765139E1,,,,,,,2.172549E-1,-1.119884E-3,,
3.768474E1,,,,,,,2.273613E-1,-1.159930E-3,,
3.771809E1,,,,,,,2.373678E-1,-1.322219E-3,,
3.775144E1,,,,,,,2.478624E-1,-1.502948E-3,,
3.778479E1,,,,,,,2.587582E-1,-1.619731E-3,,
3.781814E1,,,,,,,2.693284E-1,-1.573362E-3,,
3.785149E1,,,,,,,2.800527E-1,-1.384429E-3,,
3.788484E1,,,,,,,2.911129E-1,-1.286344E-3,,
3.791819E1,,,,,,,3.033655E-1,-1.273763E-3,,
3.795154E1,,,,,,,3.156455E-1,-1.366172E-3,,
3.798489E1,,,,,,,3.272809E-1,-1.382845E-3,,
3.801824E1,,,,,,,3.401382E-1,-7.733361E-4,,
3.805159E1,,,,,,,3.525623E-1,-6.719029E-4,,
3.808494E1,,,,,,,3.655444E-1,-7.152557E-4,,
3.811829E1,,,,,,,3.788035E-1,-6.414592E-4,,
3.815163E1,,,,,,,3.915202E-1,-5.625460E-4,,
3.818498E1,,,,,,,4.050270E-1,-4.605171E-4,,
3.821833E1,,,,,,,4.185686E-1,-4.490568E-4,,
3.825168E1,,,,,,,4.326708E-1,-2.739454E-4,,
3.828503E1,,,,,,,4.463751E-1,-3.031349E-4,,
3.831838E1,,,,,,,4.607081E-1,-3.362736E-4,,
3.835173E1,,,,,,,4.749832E-1,-3.712492E-4,,
3.838508E1,,,,,,,4.898145E-1,-4.272842E-4,,
3.841843E1,,,,,,,5.043020E-1,-2.619318E-4,,
3.845178E1,,,,,,,5.193081E-1,-3.765022E-4,,
3.848513E1,,,,,,,5.349421E-1,-3.387138E-4,,
3.851848E1,,,,,,,5.490026E-1,-2.044544E-4,,
3.855183E1,,,,,,,5.654268E-1,-9.829750E-5,,
3.858518E1,,,,,,,5.814090E-1,-8.081553E-5,,
3.861853E1,,,,,,,5.975796E-1,-1.785186E-5,,
3.865187E1,,,,,,,6.137339E-1,7.261513E-5,,
3.868522E1,,,,,,,6.299684E-1,6.642477E-5,,
3.871857E1,,,,,,,6.475549E-1,-1.117103E-6,,
3.875192E1,,,,,,,6.632771E-1,8.316055E-5,,
3.878527E1,,,,,,,6.801159E-1,3.033608E-4,,
3.881862E1,,,,,,,6.986788E-1,2.520282E-4,,
3.885197E1,,,,,,,7.174803E-1,-2.120640E-4,,
3.888532E1,,,,,,,7.351764E-1,-2.474775E-4,,
3.891867E1,,,,,,,7.532016E-1,-2.725367E-4,,
3.895202E1,,,,,,,7.714731E-1,-3.055987E-4,,
3.898537E1,,,,,,,7.897413E-1,-3.838994E-4,,
3.901872E1,,,,,,,8.092209E-1,-4.709657E-4,,
3.905207E1,,,,,,,8.284638E-1,-4.882784E-4,,
3.908542E1,,,,,,,8.478506E-1,-5.011386E-4,,
3.911876E1,,,,,,,8.670515E-1,-3.214416E-4,,
3.915211E1,,,,,,,8.872446E-1,-2.426166E-4,,
3.918546E1,,,,,,,9.072673E-1,-2.160785E-4,,
3.921881E1,,,,,,,9.284514E-1,-2.529238E-4,,
3.925216E1,,,,,,,9.482670E-1,-1.566117E-4,,
3.928551E1,,,,,,,9.691288E-1,-1.536970E-4,,
3.931886E1,,,,,,,9.901132E-1,6.934260E-5,,
3.935221E1,,,,,,,1.011530E0,1.413455E-4,,
3.938556E1,,,,,,,1.033369E0,1.361293E-4,,
3.941891E1,,,,,,,1.054258E0,6.023447E-4,,
3.945226E1,,,,,,,1.078976E0,4.028559E-4,,
3.948561E1,,,,,,,1.099264E0,-2.293802E-4,,
3.951896E1,,,,,,,1.119285E0,-3.786332E-4,,
3.955231E1,,,,,,,1.140282E0,-2.398728E-4,,
3.958566E1,,,,,,,,,,
3.961900E1,,,,,,,,,,
3.965235E1,,,,,,,,,,
3.968570E1,,,,,,,,,,
3.971905E1,,,,,,,,,,
3.975240E1,,,,,,,,,,
3.978575E1,,,,,,,,,,
3.981910E1,,,,,,,,,,
3.985245E1,,,,,,,,,,
3.988580E1,,,,,,,,,,
3.991915E1,,,,,,,,,,
3.995250E1,,,,,,,,,,
3.998585E1,,,,,,,,,,
4.001920E1,,,,,,,,,,
4.005255E1,,,,,,,,,,
4.008590E1,,,,,,,,,,
4.011924E1,,,,,,,,,,
4.015259E1,,,,,,,,,,
4.018594E1,,,,,,,,,,
4.021929E1,,,,,,,,,,
4.025264E1,,,,,,,,,,
4.028599E1,,,,,,,,,,
4.031934E1,,,,,,,,,,
4.035269E1,,,,,,,,,,
4.038604E1,,,,,,,,,,
4.041939E1,,,,,,,,,,
4.045274E1,,,,,,,,,,
4.048609E1,,,,,,,,,,
4.051944E1,,,,,,,,,,
4.055279E1,,,,,,,,,,
4.058614E1,,,,,,,,,,
4.061948E1,,,,,,,,,,
4.065283E1,,,,,,,,,,
4.068618E1,,,,,,,,,,
4.071953E1,,,,,,,,,,
4.075288E1,,,,,,,,,,
4.078623E1,,,,,,,,,,
4.081958E1,,,,,,,,,,
4.085293E1,,,,,,,,,,
4.088628E1,,,,,,,,,,
4.091963E1,,,,,,,,,,
4.095298E1,,,,,,,,,,
4.098633E1,,,,,,,,,,
4.101968E1,,,,,,,,,,
4.105303E1,,,,,,,,,,
4.108638E1,,,,,,,,,,
4.111972E1,,,,,,,,,,
4.115307E1,,,,,,,,,,
4.118642E1,,,,,,,,,,
4.121977E1,,,,,,,,,,
4.125312E1,,,,,,,,,,
4.128647E1,,,,,,,,,,
4.131982E1,,,,,,,,,,
4.135317E1,,,,,,,,,,
4.138652E1,,,,,,,,,,
4.141987E1,,,,,,,,,,
4.145322E1,,,,,,,,,,
4.148657E1,,,,,,,,,,
4.151992E1,,,,,,,,,,
4.155327E1,,,,,,,,,,
4.158662E1,,,,,,,,,,
4.161996E1,,,,,,,,,,
4.165331E1,,,,,,,,,,
4.168666E1,,,,,,,,,,
4.172001E1,,,,,,,,,,
4.175336E1,,,,,,,,,,
4.178671E1,,,,,,,,,,
4.182006E1,,,,,,,,,,
4.185341E1,,,,,,,,,,
4.188676E1,,,,,,,,,,
4.192011E1,,,,,,,,,,
4.195346E1,,,,,,,,,,
4.198681E1,,,,,,,,,,
4.202016E1,,,,,,,,,,
4.205351E1,,,,,,,,,,
4.208686E1,,,,,,,,,,
4.212020E1,,,,,,,,,,
4.215355E1,,,,,,,,,,
4.218690E1,,,,,,,,,,
4.222025E1,,,,,,,,,,
4.225360E1,,,,,,,,,,
4.228695E1,,,,,,,,,,
4.232030E1,,,,,,,,,,
4.235365E1,,,,,,,,,,
4.238700E1,,,,,,,,,,
4.242035E1,,,,,,,,,,
4.245370E1,,,,,,,,,,
4.248705E1,,,,,,,,,,
4.252040E1,,,,,,,,,,
4.255375E1,,,,,,,,,,
4.258710E1,,,,,,,,,,
4.262044E1,,,,,,,,,,
4.265379E1,,,,,,,,,,
4.268714E1,,,,,,,,,,
4.272049E1,,,,,,,,,,
4.275384E1,,,,,,,,,,
4.278719E1,,,,,,,,,,
4.282054E1,,,,,,,,,,
4.285389E1,,,,,,,,,,
4.288724E1,,,,,,,,,,
4.292059E1,,,,,,,,,,
4.295394E1,,,,,,,,,,
4.298729E1,,,,,,,,,,
4.302064E1,,,,,,,,,,
4.305399E1,,,,,,,,,,
4.308734E1,,,,,,,,,,
4.312068E1,,,,,,,,,,
4.315403E1,,,,,,,,,,
4.318738E1,,,,,,,,,,
4.322073E1,,,,,,,,,,
4.325408E1,,,,,,,,,,
4.328743E1,,,,,,,,,,
4.332078E1,,,,,,,,,,
4.335413E1,,,,,,,,,,
4.338748E1,,,,,,,,,,
4.342083E1,,,,,,,,,,
4.345418E1,,,,,,,,,,
4.348753E1,,,,,,,,,,
4.352088E1,,,,,,,,,,
4.355423E1,,,,,,,,,,
4.358758E1,,,,,,,,,,
4.362092E1,,,,,,,,,,
4.365427E1,,,,,,,,,,
4.368762E1,,,,,,,,,,
4.372097E1,,,,,,,,,,
4.375432E1,,,,,,,,,,
4.378767E1,,,,,,,,,,
4.382102E1,,,,,,,,,,
4.385437E1,,,,,,,,,,
4.388772E1,,,,,,,,,,
4.392107E1,,,,,,,,,,
4.395442E1,,,,,,,,,,
4.398777E1,,,,,,,,,,
4.402112E1,,,,,,,,,,
4.405447E1,,,,,,,,,,
4.408782E1,,,,,,,,,,
4.412116E1,,,,,,,,,,
4.415451E1,,,,,,,,,,
4.418786E1,,,,,,,,,,
4.422121E1,,,,,,,,,,
4.425456E1,,,,,,,,,,
4.428791E1,,,,,,,,,,
4.432126E1,,,,,,,,,,
4.435461E1,,,,,,,,,,
4.438796E1,,,,,,,,,,
4.442131E1,,,,,,,,,,
4.445466E1,,,,,,,,,,
4.448801E1,,,,,,,,,,
4.452136E1,,,,,,,,,,
4.455471E1,,,,,,,,,,
4.458806E1,,,,,,,,,,
4.462140E1,,,,,,,,,,
4.465475E1,,,,,,,,,,
4.468810E1,,,,,,,,,,
4.472145E1,,,,,,,,,,
4.475480E1,,,,,,,,,,
4.478815E1,,,,,,,,,,
4.482150E1,,,,,,,,,,
4.485485E1,,,,,,,,,,
4.488820E1,,,,,,,,,,
4.492155E1,,,,,,,,,,
4.495490E1,,,,,,,,,,
4.498825E1,,,,,,,,,,
4.502160E1,,,,,,,,,,
4.505495E1,,,,,,,,,,
4.508830E1,,,,,,,,,,
4.512164E1,,,,,,,,,,
4.515499E1,,,,,,,,,,
4.518834E1,,,,,,,,,,
4.522169E1,,,,,,,,,,
4.525504E1,,,,,,,,,,
4.528839E1,,,,,,,,,,
4.532174E1,,,,,,,,,,
4.535509E1,,,,,,,,,,
4.538844E1,,,,,,,,,,
4.542179E1,,,,,,,,,,
4.545514E1,,,,,,,,,,
4.548849E1,,,,,,,,,,
4.552184E1,,,,,,,,,1.750184E-3,-1.568583E-3
4.555519E1,,,,,,,,,1.918081E-3,-1.553347E-3
4.558854E1,,,,,,,,,2.005227E-3,-1.554828E-3
4.562188E1,,,,,,,,,2.180072E-3,-1.551947E-3
4.565523E1,,,,,,,,,2.763932E-3,-1.540967E-3
4.568858E1,,,,,,,,,3.603563E-3,-1.518087E-3
4.572193E1,,,,,,,,,4.732963E-3,-1.472055E-3
4.575528E1,,,,,,,,,5.907225E-3,-1.597684E-3
4.578863E1,,,,,,,,,7.483931E-3,-1.488108E-3
4.582198E1,,,,,,,,,9.489647E-3,-1.394922E-3
4.585533E1,,,,,,,,,1.149820E-2,-1.395777E-3
4.588868E1,,,,,,,,,1.371092E-2,-1.254787E-3
4.592203E1,,,,,,,,,1.618411E-2,-1.298033E-3
4.595538E1,,,,,,,,,1.876192E-2,-1.192621E-3
4.598873E1,,,,,,,,,2.187281E-2,-1.246118E-3
4.602208E1,,,,,,,,,2.499395E-2,-1.300416E-3
4.605543E1,,,,,,,,,2.865789E-2,-1.225653E-3
4.608878E1,,,,,,,,,3.240134E-2,-1.263763E-3
4.612212E1,,,,,,,,,3.628011E-2,-1.268814E-3
4.615547E1,,,,,,,,,4.030734E-2,-1.299031E-3
4.618882E1,,,,,,,,,4.493686E-2,-1.366418E-3
4.622217E1,,,,,,,,,4.952131E-2,-1.341599E-3
4.625552E1,,,,,,,,,5.431255E-2,-1.317699E-3
4.628887E1,,,,,,,,,5.945894E-2,-1.259219E-3
4.632222E1,,,,,,,,,6.502587E-2,-1.159530E-3
4.635557E1,,,,,,,,,7.057446E-2,-1.235618E-3
4.638892E1,,,,,,,,,7.630179E-2,-1.205303E-3
4.642227E1,,,,,,,,,8.226215E-2,-1.221824E-3
4.645562E1,,,,,,,,,8.821974E-2,-1.164569E-3
4.648897E1,,,,,,,,,9.450349E-2,-1.187927E-3
4.652232E1,,,,,,,,,1.012197E-1,-1.118532E-3
4.655567E1,,,,,,,,,1.080238E-1,-1.025664E-3
4.658902E1,,,,,,,,,1.151991E-1,-9.874540E-4
4.662236E1,,,,,,,,,1.224302E-1,-1.126950E-3
4.665571E1,,,,,,,,,1.299340E-1,-1.049973E-3
4.668906E1,,,,,,,,,1.376744E-1,-1.164496E-3
4.672241E1,,,,,,,,,1.453447E-1,-1.086339E-3
4.675576E1,,,,,,,,,1.535280E-1,-1.149918E-3
4.678911E1,,,,,,,,,1.618907E-1,-1.072515E-3
4.682246E1,,,,,,,,,1.709361E-1,-1.125149E-3
4.685581E1,,,,,,,,,1.795050E-1,-1.096530E-3
4.688916E1,,,,,,,,,1.884542E-1,-1.146212E-3
4.692251E1,,,,,,,,,1.977918E-1,-1.141538E-3
4.695586E1,,,,,,,,,2.075698E-1,-1.153123E-3
4.698921E1,,,,,,,,,2.173156E-1,-1.097024E-3
4.702256E1,,,,,,,,,2.272510E-1,-1.055562E-3
4.705591E1,,,,,,,,,2.372694E-1,-1.107744E-3
4.708926E1,,,,,,,,,2.476107E-1,-1.148610E-3
4.712260E1,,,,,,,,,2.588772E-1,-1.407272E-3
4.715595E1,,,,,,,,,2.695373E-1,-1.348924E-3
4.718930E1,,,,,,,,,2.807638E-1,-1.135565E-3
4.722265E1,,,,,,,,,2.921955E-1,-1.181134E-3
4.725600E1,,,,,,,,,3.037009E-1,-1.127529E-3
4.728935E1,,,,,,,,,3.153590E-1,-1.150806E-3
4.732270E1,,,,,,,,,3.274868E-1,-1.134018E-3
4.735605E1,,,,,,,,,3.394411E-1,-1.310379E-3
4.738940E1,,,,,,,,,3.528667E-1,5.129743E-4
4.742275E1,,,,,,,,,3.652273E-1,5.731775E-4
4.745610E1,,,,,,,,,3.781949E-1,5.209438E-4
4.748945E1,,,,,,,,,3.912289E-1,5.624966E-4
4.752280E1,,,,,,,,,4.046687E-1,5.091726E-4
4.755615E1,,,,,,,,,4.179240E-1,7.118817E-4
4.758950E1,,,,,,,,,4.320044E-1,7.913561E-4
4.762284E1,,,,,,,,,4.463654E-1,8.737931E-4
4.765619E1,,,,,,,,,4.605976E-1,9.162709E-4
4.768954E1,,,,,,,,,4.744664E-1,8.728770E-4
4.772289E1,,,,,,,,,4.894903E-1,9.792099E-4
4.775624E1,,,,,,,,,5.045258E-1,8.715228E-4
4.778959E1,,,,,,,,,5.193144E-1,8.064943E-4
4.782294E1,,,,,,,,,5.337954E-1,8.211178E-4
4.785629E1,,,,,,,,,5.499343E-1,9.844844E-4
4.788964E1,,,,,,,,,5.656615E-1,9.361488E-4
4.792299E1,,,,,,,,,5.814601E-1,1.151391E-3
4.795634E1,,,,,,,,,5.976882E-1,1.172195E-3
4.798969E1,,,,,,,,,6.137108E-1,1.108845E-3
4.802304E1,,,,,,,,,6.294424E-1,1.141197E-3
4.805639E1,,,,,,,,,6.461021E-1,1.277694E-3
4.808973E1,,,,,,,,,6.630766E-1,1.381539E-3
4.812308E1,,,,,,,,,6.799102E-1,1.372715E-3
4.815643E1,,,,,,,,,6.978671E-1,1.297822E-3
4.818978E1,,,,,,,,,7.156924E-1,7.613079E-4
4.822313E1,,,,,,,,,7.332990E-1,6.401585E-4
4.825648E1,,,,,,,,,7.514956E-1,7.249558E-4
4.828983E1,,,,,,,,,7.701953E-1,6.595786E-4
4.832318E1,,,,,,,,,7.886764E-1,5.442650E-4
4.835653E1,,,,,,,,,8.075672E-1,5.047412E-4
4.838988E1,,,,,,,,,8.269155E-1,4.636070E-4
4.842323E1,,,,,,,,,8.463027E-1,4.973928E-4
4.845658E1,,,,,,,,,8.653984E-1,5.836979E-4
4.848993E1,,,,,,,,,8.849025E-1,4.939834E-4
4.852328E1,,,,,,,,,9.048660E-1,5.186703E-4
4.855663E1,,,,,,,,,9.254482E-1,6.332746E-4
4.858997E1,,,,,,,,,9.451608E-1,4.677581E-4
4.862332E1,,,,,,,,,9.658432E-1,6.910967E-4
4.865667E1,,,,,,,,,9.870877E-1,8.345867E-4
4.869002E1,,,,,,,,,1.007790E0,8.507507E-4
4.872337E1,,,,,,,,,1.029700E0,8.795094E-4
4.875672E1,,,,,,,,,1.051470E0,1.035366E-3
4.879007E1,,,,,,,,,1.073025E0,8.947224E-4
4.882342E1,,,,,,,,,1.095286E0,3.451915E-4
4.885677E1,,,,,,,,,1.119500E0,3.716870E-4
4.889012E1,,,,,,,,,1.137538E0,3.863896E-4
