t,mass F,mass G,mass H,mass I,mass J,
6.774827E1,2.102270E0,,,,
6.776508E1,2.098707E0,,,,
6.778190E1,2.095143E0,,,,
6.779871E1,2.090052E0,,,,
6.781552E1,2.086488E0,,,,
6.783233E1,2.073761E0,,,,
6.784914E1,2.061033E0,,,,
6.786595E1,2.053906E0,,,,
6.788276E1,2.038633E0,,,,
6.789957E1,2.019287E0,,,,
6.791638E1,1.995868E0,,,,
6.793319E1,1.981104E0,,,,
6.795001E1,1.960740E0,,,,
6.796682E1,1.939358E0,,,,
6.798363E1,1.915430E0,,,,
6.800044E1,1.898120E0,,,,
6.801725E1,1.862992E0,,,,
6.803406E1,1.825828E0,,,,
6.805087E1,1.791209E0,,,,
6.806768E1,1.764735E0,,,,
6.808449E1,1.722480E0,,,,
6.810130E1,1.684297E0,,,,
6.811812E1,1.659860E0,,,,
6.813493E1,1.615059E0,,,,
6.815174E1,1.578913E0,,,,
6.816855E1,1.531057E0,,,,
6.818536E1,1.480147E0,,,,
6.820217E1,1.436873E0,,,,
6.821898E1,1.406327E0,,,,
6.823579E1,1.362544E0,,,,
6.825260E1,1.311634E0,,,,
6.826941E1,1.272433E0,,,,
6.828623E1,1.229668E0,,,,
6.830304E1,1.189958E0,,,,
6.831985E1,1.148212E0,,,,
6.833666E1,1.104429E0,,,,
6.835347E1,1.057592E0,,,,
6.837028E1,1.015845E0,,,,
6.838709E1,9.700260E-1,,,,
6.840390E1,9.308251E-1,,,,
6.842071E1,8.875514E-1,,,,
6.843752E1,8.437686E-1,,,,
6.845434E1,8.020222E-1,,,,
6.847115E1,7.618030E-1,,,,
6.848796E1,7.215839E-1,,,,
6.850477E1,6.742374E-1,,,,
6.852158E1,6.223089E-1,,,,
6.853839E1,5.871808E-1,,,,
6.855520E1,5.408525E-1,,,,
6.857201E1,4.929968E-1,,,,
6.858882E1,4.456503E-1,,,,
6.860563E1,3.942309E-1,,,,
6.862244E1,3.519754E-1,,,,
6.863926E1,2.954650E-1,,,,
6.865607E1,2.567732E-1,,,,
6.867288E1,2.022992E-1,,,,
6.868969E1,1.442615E-1,,,,
6.870650E1,1.035333E-1,,,,
6.872331E1,5.415033E-2,,,,
6.874012E1,9.858401E-3,,,,
6.875693E1,,,,,
6.877374E1,,,,,
6.879055E1,,,,,
6.880737E1,,,,,
6.882418E1,,,,,
6.884099E1,,,,,
6.885780E1,,,,,
6.887461E1,,,,,
6.889142E1,,,,,
6.890823E1,,,,,
6.892504E1,,,,,
6.894185E1,,,,,
6.895866E1,,,,,
6.897548E1,,,,,
6.899229E1,,,,,
6.900910E1,,,,,
6.902591E1,,,,,
6.904272E1,,,,,
6.905953E1,,,,,
6.907634E1,,,,,
6.909315E1,,,,,
6.910996E1,,,,,
6.912677E1,,,,,
6.914359E1,,,,,
6.916040E1,,,,,
6.917721E1,,,,,
6.919402E1,,,,,
6.921083E1,,,,,
6.922764E1,,,,,
6.924445E1,,,,,
6.926126E1,,,,,
6.927807E1,,,,,
6.929488E1,,,,,
6.931170E1,,,,,
6.932851E1,,,,,
6.934532E1,,,,,
6.936213E1,,,,,
6.937894E1,,,,,
6.939575E1,,,,,
6.941256E1,,,,,
6.942937E1,,,,,
6.944618E1,,,,,
6.946299E1,,,,,
6.947981E1,,,,,
6.949662E1,,,,,
6.951343E1,,,,,
6.953024E1,,,,,
6.954705E1,,,,,
6.956386E1,,,,,
6.958067E1,,,,,
6.959748E1,,,,,
6.961429E1,,,,,
6.963110E1,,,,,
6.964792E1,,,,,
6.966473E1,,,,,
6.968154E1,,,,,
6.969835E1,,,,,
6.971516E1,,,,,
6.973197E1,,,,,
6.974878E1,,,,,
6.976559E1,,,,,
6.978240E1,,,,,
6.979921E1,,,,,
6.981602E1,,,,,
6.983284E1,,,,,
6.984965E1,,,,,
6.986646E1,,,,,
6.988327E1,,,,,
6.990008E1,,,,,
6.991689E1,,,,,
6.993370E1,,,,,
6.995051E1,,,,,
6.996732E1,,,,,
6.998413E1,,,,,
7.000095E1,,,,,
7.001776E1,,,,,
7.003457E1,,,,,
7.005138E1,,,,,
7.006819E1,,,,,
7.008500E1,,,,,
7.010181E1,,,,,
7.011862E1,,,,,
7.013543E1,,,,,
7.015224E1,,,,,
7.016906E1,,,,,
7.018587E1,,,,,
7.020268E1,,,,,
7.021949E1,,,,,
7.023630E1,,,,,
7.025311E1,,,,,
7.026992E1,,,,,
7.028673E1,,,,,
7.030354E1,,,,,
7.032035E1,,,,,
7.033717E1,,,,,
7.035398E1,,,,,
7.037079E1,,,,,
7.038760E1,,,,,
7.040441E1,,,,,
7.042122E1,,,,,
7.043803E1,,,,,
7.045484E1,,,,,
7.047165E1,,,,,
7.048846E1,,,,,
7.050528E1,,,,,
7.052209E1,,,,,
7.053890E1,,,,,
7.055571E1,,,,,
7.057252E1,,,,,
7.058933E1,,,,,
7.060614E1,,,,,
7.062295E1,,,,,
7.063976E1,,,,,
7.065657E1,,,,,
7.067339E1,,,,,
7.069020E1,,,,,
7.070701E1,,,,,
7.072382E1,,,,,
7.074063E1,,,,,
7.075744E1,,,,,
7.077425E1,,,,,
7.079106E1,,,,,
7.080787E1,,,,,
7.082468E1,,,,,
7.084150E1,,,,,
7.085831E1,,,,,
7.087512E1,,,,,
7.089193E1,,,,,
7.090874E1,,,,,
7.092555E1,,,,,
7.094236E1,,,,,
7.095917E1,,,,,
7.097598E1,,,,,
7.099279E1,,,,,
7.100960E1,,,,,
7.102642E1,,,,,
7.104323E1,,,,,
7.106004E1,,,,,
7.107685E1,,,,,
7.109366E1,,,,,
7.111047E1,,,,,
7.112728E1,,,,,
7.114409E1,,,,,
7.116090E1,,,,,
7.117771E1,,,,,
7.119453E1,,,,,
7.121134E1,,,,,
7.122815E1,,,,,
7.124496E1,,,,,
7.126177E1,,,,,
7.127858E1,,,,,
7.129539E1,,,,,
7.131220E1,,,,,
7.132901E1,,,,,
7.134582E1,,,,,
7.136264E1,,,,,
7.137945E1,,,,,
7.139626E1,,,,,
7.141307E1,,,,,
7.142988E1,,,,,
7.144669E1,,,,,
7.146350E1,,,,,
7.148031E1,,,,,
7.149712E1,,,,,
7.151393E1,,,,,
7.153075E1,,,,,
7.154756E1,,,,,
7.156437E1,,,,,
7.158118E1,,,,,
7.159799E1,,,,,
7.161480E1,,,,,
7.163161E1,,,,,
7.164842E1,,,,,
7.166523E1,,,,,
7.168204E1,,,,,
7.169886E1,,,,,
7.171567E1,,,,,
7.173248E1,,,,,
7.174929E1,,,,,
7.176610E1,,,,,
7.178291E1,,,,,
7.179972E1,,,,,
7.181653E1,,,,,
7.183334E1,,,,,
7.185015E1,,,,,
7.186697E1,,,,,
7.188378E1,,,,,
7.190059E1,,,,,
7.191740E1,,,,,
7.193421E1,,,,,
7.195102E1,,,,,
7.196783E1,,,,,
7.198464E1,,,,,
7.200145E1,,,,,
7.201826E1,,,,,
7.203508E1,,,,,
7.205189E1,,,,,
7.206870E1,,,,,
7.208551E1,,,,,
7.210232E1,,,,,
7.211913E1,,,,,
7.213594E1,,,,,
7.215275E1,,,,,
7.216956E1,,,,,
7.218637E1,,,,,
7.220318E1,,,,,
7.222000E1,,,,,
7.223681E1,,,,,
7.225362E1,,,,,
7.227043E1,,,,,
7.228724E1,,,,,
7.230405E1,,,,,
7.232086E1,,,,,
7.233767E1,,,,,
7.235448E1,,,,,
7.237129E1,,,,,
7.238811E1,,,,,
7.240492E1,,,,,
7.242173E1,,,,,
7.243854E1,,,,,
7.245535E1,,,,,
7.247216E1,,,,,
7.248897E1,,,,,
7.250578E1,,,,,
7.252259E1,,,,,
7.253940E1,,,,,
7.255622E1,,,,,
7.257303E1,,,,,
7.258984E1,,,,,
7.260665E1,,,,,
7.262346E1,,,,,
7.264027E1,,,,,
7.265708E1,,,,,
7.267389E1,,,,,
7.269070E1,,,,,
7.270751E1,,,,,
7.272433E1,,,,,
7.274114E1,,,,,
7.275795E1,,,,,
7.277476E1,,,,,
7.279157E1,,,,,
7.280838E1,,,,,
7.282519E1,,,,,
7.284200E1,,,,,
7.285881E1,,,,,
7.287562E1,,,,,
7.289244E1,,,,,
7.290925E1,,,,,
7.292606E1,,,,,
7.294287E1,,,,,
7.295968E1,,,,,
7.297649E1,,,,,
7.299330E1,,,,,
7.301011E1,,,,,
7.302692E1,,,,,
7.304373E1,,,,,
7.306055E1,,,,,
7.307736E1,,,,,
7.309417E1,,,,,
7.311098E1,,,,,
7.312779E1,,,,,
7.314460E1,,,,,
7.316141E1,,,,,
7.317822E1,,,,,
7.319503E1,,,,,
7.321184E1,,,,,
7.322866E1,,,,,
7.324547E1,,,,,
7.326228E1,,,,,
7.327909E1,,,,,
7.329590E1,,,,,
7.331271E1,,,,,
7.332952E1,,,,,
7.334633E1,,,,,
7.336314E1,,,,,
7.337995E1,,,,,
7.339676E1,,,,,
7.341358E1,,,,,
7.343039E1,,,,,
7.344720E1,,,,,
7.346401E1,,,,,
7.348082E1,,,,,
7.349763E1,,,,,
7.351444E1,,,,,
7.353125E1,,,,,
7.354806E1,,,,,
7.356487E1,,,,,
7.358169E1,,,,,
7.359850E1,,,,,
7.361531E1,,,,,
7.363212E1,,,,,
7.364893E1,,,,,
7.366574E1,,,,,
7.368255E1,,,,,
7.369936E1,,,,,
7.371617E1,,,,,
7.373298E1,,,,,
7.374980E1,,,,,
7.376661E1,,,,,
7.378342E1,,,,,
7.380023E1,,,,,
7.381704E1,,,,,
7.383385E1,,,,,
7.385066E1,,,,,
7.386747E1,,,,,
7.388428E1,,,,,
7.390109E1,,,,,
7.391791E1,,,,,
7.393472E1,,,,,
7.395153E1,,,,,
7.396834E1,,,,,
7.398515E1,,,,,
7.400196E1,,,,,
7.401877E1,,,,,
7.403558E1,,,,,
7.405239E1,,,,,
7.406920E1,,,,,
7.408602E1,,,,,
7.410283E1,,,,,
7.411964E1,,,,,
7.413645E1,,,,,
7.415326E1,,,,,
7.417007E1,,,,,
7.418688E1,,,,,
7.420369E1,,,,,
7.422050E1,,,,,
7.423731E1,,,,,
7.425413E1,,,,,
7.427094E1,,,,,
7.428775E1,,,,,
7.430456E1,,,,,
7.432137E1,,,,,
7.433818E1,,,,,
7.435499E1,,,,,
7.437180E1,,,,,
7.438861E1,,,,,
7.440542E1,,,,,
7.442224E1,,,,,
7.443905E1,,,,,
7.445586E1,,,,,
7.447267E1,,,,,
7.448948E1,,,,,
7.450629E1,,,,,
7.452310E1,,,,,
7.453991E1,,,,,
7.455672E1,,,,,
7.457353E1,,,,,
7.459034E1,,,,,
7.460716E1,,,,,
7.462397E1,,,,,
7.464078E1,,,,,
7.465759E1,,,,,
7.467440E1,,,,,
7.469121E1,,,,,
7.470802E1,,,,,
7.472483E1,,,,,
7.474164E1,,,,,
7.475845E1,,,,,
7.477527E1,,,,,
7.479208E1,,,,,
7.480889E1,,,,,
7.482570E1,,,,,
7.484251E1,,,,,
7.485932E1,,,,,
7.487613E1,,,,,
7.489294E1,,,,,
7.490975E1,,,,,
7.492656E1,,,,,
7.494338E1,,,,,
7.496019E1,,,,,
7.497700E1,,,,,
7.499381E1,,,,,
7.501062E1,,,,,
7.502743E1,,,,,
7.504424E1,,,,,
7.506105E1,,,,,
7.507786E1,,,,,
7.509467E1,,,,,
7.511149E1,,,,,
7.512830E1,,,,,
7.514511E1,,,,,
7.516192E1,,,,,
7.517873E1,,,,,
7.519554E1,,,,,
7.521235E1,,,,,
7.522916E1,,,,,
7.524597E1,,,,,
7.526278E1,,,,,
7.527960E1,,,,,
7.529641E1,,,,,
7.531322E1,,,,,
7.533003E1,,,,,
7.534684E1,,,,,
7.536365E1,,,,,
7.538046E1,,,,,
7.539727E1,,,,,
7.541408E1,,,,,
7.543089E1,,,,,
7.544771E1,,,,,
7.546452E1,,,,,
7.548133E1,,,,,
7.549814E1,,,,,
7.551495E1,,,,,
7.553176E1,,,,,
7.554857E1,,,,,
7.556538E1,,,,,
7.558219E1,,,,,
7.559900E1,,,,,
7.561582E1,,,,,
7.563263E1,,,,,
7.564944E1,,,,,
7.566625E1,,,,,
7.568306E1,,,,,
7.569987E1,,,,,
7.571668E1,,,,,
7.573349E1,,,,,
7.575030E1,,,,,
7.576711E1,,,,,
7.578392E1,,,,,
7.580074E1,,,,,
7.581755E1,,,,,
7.583436E1,,,,,
7.585117E1,,,,,
7.586798E1,,,,,
7.588479E1,,,,,
7.590160E1,,,,,
7.591841E1,,,,,
7.593522E1,,,,,
7.595203E1,,,,,
7.596885E1,,,,,
7.598566E1,,,,,
7.600247E1,,,,,
7.601928E1,,,,,
7.603609E1,,,,,
7.605290E1,,,,,
7.606971E1,,,,,
7.608652E1,,,,,
7.610333E1,,,,,
7.612014E1,,,,,
7.613696E1,,,,,
7.615377E1,,,,,
7.617058E1,,,,,
7.618739E1,,,,,
7.620420E1,,,,,
7.622101E1,,,,,
7.623782E1,,,,,
7.625463E1,,,,,
7.627144E1,,,,,
7.628825E1,,,,,
7.630507E1,,,,,
7.632188E1,,,,,
7.633869E1,,,,,
7.635550E1,,,,,
7.637231E1,,,,,
7.638912E1,,,,,
7.640593E1,,,,,
7.642274E1,,,,,
7.643955E1,,,,,
7.645636E1,,,,,
7.647318E1,,,,,
7.648999E1,,,,,
7.650680E1,,,,,
7.652361E1,,,,,
7.654042E1,,,,,
7.655723E1,,,,,
7.657404E1,,,,,
7.659085E1,,,,,
7.660766E1,,,,,
7.662447E1,,,,,
7.664129E1,,,,,
7.665810E1,,,,,
7.667491E1,,,,,
7.669172E1,,,,,
7.670853E1,,,,,
7.672534E1,,,,,
7.674215E1,,,,,
7.675896E1,,,,,
7.677577E1,,,,,
7.679258E1,,,,,
7.680940E1,,,,,
7.682621E1,,,,,
7.684302E1,,,,,
7.685983E1,,,,,
7.687664E1,,,,,
7.689345E1,,,,,
7.691026E1,,,,,
7.692707E1,,,,,
7.694388E1,,,,,
7.696069E1,,,,,
7.697750E1,,,,,
7.699432E1,,,,,
7.701113E1,,,,,
7.702794E1,,,,,
7.704475E1,,,,,
7.706156E1,,,,,
7.707837E1,,,,,
7.709518E1,,,,,
7.711199E1,,,,,
7.712880E1,,,,,
7.714561E1,,,,,
7.716243E1,,,,,
7.717924E1,,,,,
7.719605E1,,,,,
7.721286E1,,,,,
7.722967E1,,,,,
7.724648E1,,,,,
7.726329E1,,,,,
7.728010E1,,,,,
7.729691E1,,,,,
7.731372E1,,,,,
7.733054E1,,,,,
7.734735E1,,,,,
7.736416E1,,,,,
7.738097E1,,,,,
7.739778E1,,,,,
7.741459E1,,,,,
7.743140E1,,,,,
7.744821E1,,,,,
7.746502E1,,,,,
7.748183E1,,,,,
7.749865E1,,,,,
7.751546E1,,,,,
7.753227E1,,,,,
7.754908E1,,,,,
7.756589E1,,,,,
7.758270E1,,,,,
7.759951E1,,,,,
7.761632E1,,,,,
7.763313E1,,,,,
7.764994E1,,,,,
7.766676E1,,,,,
7.768357E1,,,,,
7.770038E1,,,,,
7.771719E1,,,,,
7.773400E1,,,,,
7.775081E1,,,,,
7.776762E1,,,,,
7.778443E1,,,,,
7.780124E1,,,,,
7.781805E1,,,,,
7.783487E1,,,,,
7.785168E1,,,,,
7.786849E1,,,,,
7.788530E1,,,,,
7.790211E1,,,,,
7.791892E1,,,,,
7.793573E1,,,,,
7.795254E1,,,,,
7.796935E1,,,,,
7.798616E1,,,,,
7.800298E1,,,,,
7.801979E1,,,,,
7.803660E1,,,,,
7.805341E1,,,,,
7.807022E1,,,,,
7.808703E1,,,,,
7.810384E1,,,,,
7.812065E1,,,,,
7.813746E1,,,,,
7.815427E1,,,,,
7.817108E1,,,,,
7.818790E1,,,,,
7.820471E1,,,,,
7.822152E1,,,,,
7.823833E1,,,,,
7.825514E1,,,,,
7.827195E1,,,,,
7.828876E1,,,,,
7.830557E1,,,,,
7.832238E1,,,,,
7.833919E1,,,,,
7.835601E1,,,,,
7.837282E1,,,,,
7.838963E1,,,,,
7.840644E1,,,,,
7.842325E1,,,,,
7.844006E1,,,,,
7.845687E1,,,,,
7.847368E1,,,,,
7.849049E1,,,,,
7.850730E1,,,,,
7.852412E1,,,,,
7.854093E1,,,,,
7.855774E1,,,,,
7.857455E1,,,,,
7.859136E1,,,,,
7.860817E1,,,,,
7.862498E1,,,,,
7.864179E1,,,,,
7.865860E1,,,,,
7.867541E1,,,,,
7.869223E1,,,,,
7.870904E1,,,,,
7.872585E1,,,,,
7.874266E1,,,,,
7.875947E1,,,,,
7.877628E1,,,,,
7.879309E1,,,,,
7.880990E1,,,,,
7.882671E1,,,,,
7.884352E1,,,,,
7.886034E1,,,,,
7.887715E1,,,,,
7.889396E1,,,,,
7.891077E1,,,,,
7.892758E1,,,,,
7.894439E1,,,,,
7.896120E1,,,,,
7.897801E1,,,,,
7.899482E1,,,,,
7.901163E1,,,,,
7.902845E1,,,,,
7.904526E1,,,,,
7.906207E1,,,,,
7.907888E1,,,,,
7.909569E1,,,,,
7.911250E1,,,,,
7.912931E1,,,,,
7.914612E1,,,,,
7.916293E1,,,,,
7.917974E1,,,,,
7.919656E1,,,,,
7.921337E1,,,,,
7.923018E1,,,,,
7.924699E1,,,,,
7.926380E1,,,,,
7.928061E1,,,,,
7.929742E1,,,,,
7.931423E1,,,,,
7.933104E1,,,,,
7.934785E1,,,,,
7.936467E1,,,,,
7.938148E1,,,,,
7.939829E1,,,,,
7.941510E1,,,,,
7.943191E1,,,,,
7.944872E1,,,,,
7.946553E1,,,,,
7.948234E1,,,,,
7.949915E1,,,,,
7.951596E1,,,,,
7.953277E1,,,,,
7.954959E1,,,,,
7.956640E1,,,,,
7.958321E1,,,,,
7.960002E1,,,,,
7.961683E1,,,,,
7.963364E1,,,,,
7.965045E1,,,,,
7.966726E1,,,,,
7.968407E1,,,,,
7.970088E1,,,,,
7.971770E1,,,,,
7.973451E1,,,,,
7.975132E1,,,,,
7.976813E1,,,,,
7.978494E1,,,,,
7.980175E1,,,,,
7.981856E1,,,,,
7.983537E1,,,,,
7.985218E1,,,,,
7.986899E1,,,,,
7.988581E1,,,,,
7.990262E1,,,,,
7.991943E1,,,,,
7.993624E1,,,,,
7.995305E1,,,,,
7.996986E1,,,,,
7.998667E1,,,,,
8.000348E1,,,,,
8.002029E1,,,,,
8.003710E1,,,,,
8.005392E1,,,,,
8.007073E1,,,,,
8.008754E1,,,,,
8.010435E1,,,,,
8.012116E1,,,,,
8.013797E1,,,,,
8.015478E1,,,,,
8.017159E1,,,,,
8.018840E1,,,,,
8.020521E1,,,,,
8.022203E1,,,,,
8.023884E1,,,,,
8.025565E1,,,,,
8.027246E1,,,,,
8.028927E1,,,,,
8.030608E1,,,,,
8.032289E1,,,,,
8.033970E1,,,,,
8.035651E1,,,,,
8.037332E1,,,,,
8.039014E1,,,,,
8.040695E1,,,,,
8.042376E1,,,,,
8.044057E1,,,,,
8.045738E1,,,,,
8.047419E1,,,,,
8.049100E1,,,,,
8.050781E1,,,,,
8.052462E1,,,,,
8.054143E1,,,,,
8.055825E1,,,,,
8.057506E1,,,,,
8.059187E1,,,,,
8.060868E1,,,,,
8.062549E1,,,,,
8.064230E1,,,,,
8.065911E1,,,,,
8.067592E1,,,,,
8.069273E1,,,,,
8.070954E1,,,,,
8.072635E1,,,,,
8.074317E1,,,,,
8.075998E1,,,,,
8.077679E1,,,,,
8.079360E1,,,,,
8.081041E1,,,,,
8.082722E1,,,,,
8.084403E1,,,,,
8.086084E1,,,,,
8.087765E1,,,,,
8.089446E1,,,,,
8.091128E1,,,,,
8.092809E1,,,,,
8.094490E1,,,,,
8.096171E1,,,,,
8.097852E1,,,,,
8.099533E1,,,,,
8.101214E1,,,,,
8.102895E1,,,,,
8.104576E1,,,,,
8.106257E1,,,,,
8.107939E1,,,,,
8.109620E1,,,,,
8.111301E1,,,,,
8.112982E1,,,,,
8.114663E1,,,,,
8.116344E1,,,,,
8.118025E1,,,,,
8.119706E1,,,,,
8.121387E1,,,,,
8.123068E1,,,,,
8.124750E1,,,,,
8.126431E1,,,,,
8.128112E1,,,,,
8.129793E1,,,,,
8.131474E1,,,,,
8.133155E1,,,,,
8.134836E1,,,,,
8.136517E1,,,,,
8.138198E1,,,,,
8.139879E1,,,,,
8.141561E1,,,,,
8.143242E1,,,,,
8.144923E1,,,,,
8.146604E1,,,,,
8.148285E1,,,,,
8.149966E1,,,,,
8.151647E1,,,,,
8.153328E1,,,,,
8.155009E1,,,,,
8.156690E1,,2.133598E0,,,
8.158372E1,,2.135214E0,,,
8.160053E1,,2.131981E0,,,
8.161734E1,,2.131577E0,,,
8.163415E1,,2.131577E0,,,
8.165096E1,,2.131577E0,,,
8.166777E1,,2.131577E0,,,
8.168458E1,,2.131577E0,,,
8.170139E1,,2.131577E0,,,
8.171820E1,,2.131577E0,,,
8.173501E1,,2.131577E0,,,
8.175183E1,,2.131577E0,,,
8.176864E1,,2.131577E0,,,
8.178545E1,,2.131577E0,,,
8.180226E1,,2.136023E0,,,
8.181907E1,,2.136023E0,,,
8.183588E1,,2.134810E0,,,
8.185269E1,,2.134810E0,,,
8.186950E1,,2.134810E0,,,
8.188631E1,,2.133194E0,,,
8.190312E1,,2.133194E0,,,
8.191993E1,,2.134406E0,,,
8.193675E1,,2.134406E0,,,
8.195356E1,,2.134406E0,,,
8.197037E1,,2.134406E0,,,
8.198718E1,,2.134406E0,,,
8.200399E1,,2.134406E0,,,
8.202080E1,,2.134406E0,,,
8.203761E1,,2.134406E0,,,
8.205442E1,,2.134406E0,,,
8.207123E1,,2.134406E0,,,
8.208804E1,,2.134406E0,,,
8.210486E1,,2.134406E0,,,
8.212167E1,,2.134406E0,,,
8.213848E1,,2.134406E0,,,
8.215529E1,,2.134406E0,,,
8.217210E1,,2.134406E0,,,
8.218891E1,,2.134406E0,,,
8.220572E1,,2.129152E0,,,
8.222253E1,,2.115007E0,,,
8.223934E1,,2.100054E0,,,
8.225615E1,,2.083081E0,,,
8.227297E1,,2.071360E0,,,
8.228978E1,,2.053983E0,,,
8.230659E1,,2.030947E0,,,
8.232340E1,,2.019631E0,,,
8.234021E1,,1.990129E0,,,
8.235702E1,,1.972751E0,,,
8.237383E1,,1.950523E0,,,
8.239064E1,,1.923446E0,,,
8.240745E1,,1.895964E0,,,
8.242426E1,,1.870503E0,,,
8.244108E1,,1.842214E0,,,
8.245789E1,,1.815136E0,,,
8.247470E1,,1.784018E0,,,
8.249151E1,,1.757345E0,,,
8.250832E1,,1.730267E0,,,
8.252513E1,,1.699149E0,,,
8.254194E1,,1.659139E0,,,
8.255875E1,,1.626808E0,,,
8.257556E1,,1.590839E0,,,
8.259237E1,,1.555275E0,,,
8.260919E1,,1.520923E0,,,
8.262600E1,,1.482934E0,,,
8.264281E1,,1.440500E0,,,
8.265962E1,,1.403723E0,,,
8.267643E1,,1.370584E0,,,
8.269324E1,,1.327341E0,,,
8.271005E1,,1.289352E0,,,
8.272686E1,,1.236410E0,,,
8.274367E1,,1.201250E0,,,
8.276048E1,,1.154774E0,,,
8.277730E1,,1.110318E0,,,
8.279411E1,,1.061013E0,,,
8.281092E1,,9.975636E-1,,,
8.282773E1,,9.628077E-1,,,
8.284454E1,,9.147152E-1,,,
8.286135E1,,8.646019E-1,,,
8.287816E1,,8.157011E-1,,,
8.289497E1,,7.708417E-1,,,
8.291178E1,,7.259823E-1,,,
8.292859E1,,6.791022E-1,,,
8.294541E1,,6.265642E-1,,,
8.296222E1,,5.821089E-1,,,
8.297903E1,,5.400785E-1,,,
8.299584E1,,4.952190E-1,,,
8.301265E1,,4.548052E-1,,,
8.302946E1,,4.115623E-1,,,
8.304627E1,,3.638739E-1,,,
8.306308E1,,3.214393E-1,,,
8.307989E1,,2.786006E-1,,,
8.309670E1,,2.353578E-1,,,
8.311351E1,,1.896901E-1,,,
8.313033E1,,1.512969E-1,,,
8.314714E1,,9.754643E-2,,,
8.316395E1,,5.592013E-2,,,
8.318076E1,,1.765355E-2,,,
8.319757E1,,,,,
8.321438E1,,,,,
8.323119E1,,,,,
8.324800E1,,,,,
8.326481E1,,,,,
8.328162E1,,,,,
8.329844E1,,,,,
8.331525E1,,,,,
8.333206E1,,,,,
8.334887E1,,,,,
8.336568E1,,,,,
8.338249E1,,,,,
8.339930E1,,,,,
8.341611E1,,,,,
8.343292E1,,,,,
8.344973E1,,,,,
8.346655E1,,,,,
8.348336E1,,,,,
8.350017E1,,,,,
8.351698E1,,,,,
8.353379E1,,,,,
8.355060E1,,,,,
8.356741E1,,,,,
8.358422E1,,,,,
8.360103E1,,,,,
8.361784E1,,,,,
8.363466E1,,,,,
8.365147E1,,,,,
8.366828E1,,,,,
8.368509E1,,,,,
8.370190E1,,,,,
8.371871E1,,,,,
8.373552E1,,,,,
8.375233E1,,,,,
8.376914E1,,,,,
8.378595E1,,,,,
8.380277E1,,,,,
8.381958E1,,,,,
8.383639E1,,,,,
8.385320E1,,,,,
8.387001E1,,,,,
8.388682E1,,,,,
8.390363E1,,,,,
8.392044E1,,,,,
8.393725E1,,,,,
8.395406E1,,,,,
8.397088E1,,,,,
8.398769E1,,,,,
8.400450E1,,,,,
8.402131E1,,,,,
8.403812E1,,,,,
8.405493E1,,,,,
8.407174E1,,,,,
8.408855E1,,,,,
8.410536E1,,,,,
8.412217E1,,,,,
8.413899E1,,,,,
8.415580E1,,,,,
8.417261E1,,,,,
8.418942E1,,,,,
8.420623E1,,,,,
8.422304E1,,,,,
8.423985E1,,,,,
8.425666E1,,,,,
8.427347E1,,,,,
8.429028E1,,,,,
8.430709E1,,,,,
8.432391E1,,,,,
8.434072E1,,,,,
8.435753E1,,,,,
8.437434E1,,,,,
8.439115E1,,,,,
8.440796E1,,,,,
8.442477E1,,,,,
8.444158E1,,,,,
8.445839E1,,,,,
8.447520E1,,,,,
8.449202E1,,,,,
8.450883E1,,,,,
8.452564E1,,,,,
8.454245E1,,,,,
8.455926E1,,,,,
8.457607E1,,,,,
8.459288E1,,,,,
8.460969E1,,,,,
8.462650E1,,,,,
8.464331E1,,,,,
8.466013E1,,,,,
8.467694E1,,,,,
8.469375E1,,,,,
8.471056E1,,,,,
8.472737E1,,,,,
8.474418E1,,,,,
8.476099E1,,,,,
8.477780E1,,,,,
8.479461E1,,,,,
8.481142E1,,,,,
8.482824E1,,,,,
8.484505E1,,,,,
8.486186E1,,,,,
8.487867E1,,,,,
8.489548E1,,,,,
8.491229E1,,,,,
8.492910E1,,,,,
8.494591E1,,,,,
8.496272E1,,,,,
8.497953E1,,,,,
8.499635E1,,,,,
8.501316E1,,,,,
8.502997E1,,,,,
8.504678E1,,,,,
8.506359E1,,,,,
8.508040E1,,,,,
8.509721E1,,,,,
8.511402E1,,,,,
8.513083E1,,,,,
8.514764E1,,,,,
8.516446E1,,,,,
8.518127E1,,,,,
8.519808E1,,,,,
8.521489E1,,,,,
8.523170E1,,,,,
8.524851E1,,,,,
8.526532E1,,,,,
8.528213E1,,,,,
8.529894E1,,,,,
8.531575E1,,,,,
8.533257E1,,,,,
8.534938E1,,,,,
8.536619E1,,,,,
8.538300E1,,,,,
8.539981E1,,,,,
8.541662E1,,,,,
8.543343E1,,,,,
8.545024E1,,,,,
8.546705E1,,,,,
8.548386E1,,,,,
8.550067E1,,,,,
8.551749E1,,,,,
8.553430E1,,,,,
8.555111E1,,,,,
8.556792E1,,,,,
8.558473E1,,,,,
8.560154E1,,,,,
8.561835E1,,,,,
8.563516E1,,,,,
8.565197E1,,,,,
8.566878E1,,,,,
8.568560E1,,,,,
8.570241E1,,,,,
8.571922E1,,,,,
8.573603E1,,,,,
8.575284E1,,,,,
8.576965E1,,,,,
8.578646E1,,,,,
8.580327E1,,,,,
8.582008E1,,,,,
8.583689E1,,,,,
8.585371E1,,,,,
8.587052E1,,,,,
8.588733E1,,,,,
8.590414E1,,,,,
8.592095E1,,,,,
8.593776E1,,,,,
8.595457E1,,,,,
8.597138E1,,,,,
8.598819E1,,,,,
8.600500E1,,,,,
8.602182E1,,,,,
8.603863E1,,,,,
8.605544E1,,,,,
8.607225E1,,,,,
8.608906E1,,,,,
8.610587E1,,,,,
8.612268E1,,,,,
8.613949E1,,,,,
8.615630E1,,,,,
8.617311E1,,,,,
8.618993E1,,,,,
8.620674E1,,,,,
8.622355E1,,,,,
8.624036E1,,,,,
8.625717E1,,,,,
8.627398E1,,,,,
8.629079E1,,,,,
8.630760E1,,,,,
8.632441E1,,,,,
8.634122E1,,,,,
8.635804E1,,,,,
8.637485E1,,,,,
8.639166E1,,,,,
8.640847E1,,,,,
8.642528E1,,,,,
8.644209E1,,,,,
8.645890E1,,,,,
8.647571E1,,,,,
8.649252E1,,,,,
8.650933E1,,,,,
8.652615E1,,,,,
8.654296E1,,,,,
8.655977E1,,,,,
8.657658E1,,,,,
8.659339E1,,,,,
8.661020E1,,,,,
8.662701E1,,,,,
8.664382E1,,,,,
8.666063E1,,,,,
8.667744E1,,,,,
8.669425E1,,,,,
8.671107E1,,,,,
8.672788E1,,,,,
8.674469E1,,,,,
8.676150E1,,,,,
8.677831E1,,,,,
8.679512E1,,,,,
8.681193E1,,,,,
8.682874E1,,,,,
8.684555E1,,,,,
8.686236E1,,,,,
8.687918E1,,,,,
8.689599E1,,,,,
8.691280E1,,,,,
8.692961E1,,,,,
8.694642E1,,,,,
8.696323E1,,,,,
8.698004E1,,,,,
8.699685E1,,,,,
8.701366E1,,,,,
8.703047E1,,,,,
8.704729E1,,,,,
8.706410E1,,,,,
8.708091E1,,,,,
8.709772E1,,,,,
8.711453E1,,,,,
8.713134E1,,,,,
8.714815E1,,,,,
8.716496E1,,,,,
8.718177E1,,,,,
8.719858E1,,,,,
8.721540E1,,,,,
8.723221E1,,,,,
8.724902E1,,,,,
8.726583E1,,,,,
8.728264E1,,,,,
8.729945E1,,,,,
8.731626E1,,,,,
8.733307E1,,,,,
8.734988E1,,,,,
8.736669E1,,,,,
8.738351E1,,,,,
8.740032E1,,,,,
8.741713E1,,,,,
8.743394E1,,,,,
8.745075E1,,,,,
8.746756E1,,,,,
8.748437E1,,,,,
8.750118E1,,,,,
8.751799E1,,,,,
8.753480E1,,,,,
8.755162E1,,,,,
8.756843E1,,,,,
8.758524E1,,,,,
8.760205E1,,,,,
8.761886E1,,,,,
8.763567E1,,,,,
8.765248E1,,,,,
8.766929E1,,,,,
8.768610E1,,,,,
8.770291E1,,,,,
8.771973E1,,,,,
8.773654E1,,,,,
8.775335E1,,,,,
8.777016E1,,,,,
8.778697E1,,,,,
8.780378E1,,,,,
8.782059E1,,,,,
8.783740E1,,,,,
8.785421E1,,,,,
8.787102E1,,,,,
8.788783E1,,,,,
8.790465E1,,,,,
8.792146E1,,,,,
8.793827E1,,,,,
8.795508E1,,,,,
8.797189E1,,,,,
8.798870E1,,,,,
8.800551E1,,,,,
8.802232E1,,,,,
8.803913E1,,,,,
8.805594E1,,,,,
8.807276E1,,,,,
8.808957E1,,,,,
8.810638E1,,,,,
8.812319E1,,,,,
8.814000E1,,,,,
8.815681E1,,,,,
8.817362E1,,,,,
8.819043E1,,,,,
8.820724E1,,,,,
8.822405E1,,,,,
8.824087E1,,,,,
8.825768E1,,,,,
8.827449E1,,,,,
8.829130E1,,,,,
8.830811E1,,,,,
8.832492E1,,,,,
8.834173E1,,,,,
8.835854E1,,,,,
8.837535E1,,,,,
8.839216E1,,,,,
8.840898E1,,,,,
8.842579E1,,,,,
8.844260E1,,,,,
8.845941E1,,,,,
8.847622E1,,,,,
8.849303E1,,,,,
8.850984E1,,,,,
8.852665E1,,,,,
8.854346E1,,,,,
8.856027E1,,,,,
8.857709E1,,,,,
8.859390E1,,,,,
8.861071E1,,,,,
8.862752E1,,,,,
8.864433E1,,,,,
8.866114E1,,,,,
8.867795E1,,,,,
8.869476E1,,,,,
8.871157E1,,,,,
8.872838E1,,,,,
8.874520E1,,,,,
8.876201E1,,,,,
8.877882E1,,,,,
8.879563E1,,,,,
8.881244E1,,,,,
8.882925E1,,,,,
8.884606E1,,,,,
8.886287E1,,,,,
8.887968E1,,,,,
8.889649E1,,,,,
8.891331E1,,,,,
8.893012E1,,,,,
8.894693E1,,,,,
8.896374E1,,,,,
8.898055E1,,,,,
8.899736E1,,,,,
8.901417E1,,,,,
8.903098E1,,,,,
8.904779E1,,,,,
8.906460E1,,,,,
8.908141E1,,,,,
8.909823E1,,,,,
8.911504E1,,,,,
8.913185E1,,,,,
8.914866E1,,,,,
8.916547E1,,,,,
8.918228E1,,,,,
8.919909E1,,,,,
8.921590E1,,,,,
8.923271E1,,,,,
8.924952E1,,,,,
8.926634E1,,,,,
8.928315E1,,,,,
8.929996E1,,,,,
8.931677E1,,,,,
8.933358E1,,,,,
8.935039E1,,,,,
8.936720E1,,,,,
8.938401E1,,,,,
8.940082E1,,,,,
8.941763E1,,,,,
8.943445E1,,,,,
8.945126E1,,,,,
8.946807E1,,,,,
8.948488E1,,,,,
8.950169E1,,,,,
8.951850E1,,,,,
8.953531E1,,,,,
8.955212E1,,,,,
8.956893E1,,,,,
8.958574E1,,,,,
8.960256E1,,,,,
8.961937E1,,,,,
8.963618E1,,,,,
8.965299E1,,,,,
8.966980E1,,,,,
8.968661E1,,,,,
8.970342E1,,,,,
8.972023E1,,,,,
8.973704E1,,,,,
8.975385E1,,,,,
8.977067E1,,,,,
8.978748E1,,,,,
8.980429E1,,,,,
8.982110E1,,,,,
8.983791E1,,,,,
8.985472E1,,,,,
8.987153E1,,,,,
8.988834E1,,,,,
8.990515E1,,,,,
8.992196E1,,,,,
8.993878E1,,,,,
8.995559E1,,,,,
8.997240E1,,,,,
8.998921E1,,,,,
9.000602E1,,,,,
9.002283E1,,,,,
9.003964E1,,,,,
9.005645E1,,,,,
9.007326E1,,,,,
9.009007E1,,,,,
9.010689E1,,,,,
9.012370E1,,,,,
9.014051E1,,,,,
9.015732E1,,,,,
9.017413E1,,,,,
9.019094E1,,,,,
9.020775E1,,,,,
9.022456E1,,,,,
9.024137E1,,,,,
9.025818E1,,,,,
9.027499E1,,,,,
9.029181E1,,,,,
9.030862E1,,,,,
9.032543E1,,,,,
9.034224E1,,,,,
9.035905E1,,,,,
9.037586E1,,,,,
9.039267E1,,,,,
9.040948E1,,,,,
9.042629E1,,,,,
9.044310E1,,,,,
9.045992E1,,,,,
9.047673E1,,,,,
9.049354E1,,,,,
9.051035E1,,,,,
9.052716E1,,,,,
9.054397E1,,,,,
9.056078E1,,,,,
9.057759E1,,,,,
9.059440E1,,,,,
9.061121E1,,,,,
9.062803E1,,,,,
9.064484E1,,,,,
9.066165E1,,,,,
9.067846E1,,,,,
9.069527E1,,,,,
9.071208E1,,,,,
9.072889E1,,,,,
9.074570E1,,,,,
9.076251E1,,,,,
9.077932E1,,,,,
9.079614E1,,,,,
9.081295E1,,,,,
9.082976E1,,,,,
9.084657E1,,,,,
9.086338E1,,,,,
9.088019E1,,,,,
9.089700E1,,,,,
9.091381E1,,,,,
9.093062E1,,,,,
9.094743E1,,,,,
9.096425E1,,,,,
9.098106E1,,,,,
9.099787E1,,,,,
9.101468E1,,,,,
9.103149E1,,,,,
9.104830E1,,,,,
9.106511E1,,,,,
9.108192E1,,,,,
9.109873E1,,,,,
9.111554E1,,,,,
9.113236E1,,,,,
9.114917E1,,,,,
9.116598E1,,,,,
9.118279E1,,,,,
9.119960E1,,,,,
9.121641E1,,,,,
9.123322E1,,,,,
9.125003E1,,,,,
9.126684E1,,,,,
9.128365E1,,,,,
9.130047E1,,,,,
9.131728E1,,,,,
9.133409E1,,,,,
9.135090E1,,,,,
9.136771E1,,,,,
9.138452E1,,,,,
9.140133E1,,,,,
9.141814E1,,,,,
9.143495E1,,,,,
9.145176E1,,,,,
9.146857E1,,,,,
9.148539E1,,,,,
9.150220E1,,,,,
9.151901E1,,,,,
9.153582E1,,,,,
9.155263E1,,,,,
9.156944E1,,,,,
9.158625E1,,,,,
9.160306E1,,,,,
9.161987E1,,,,,
9.163668E1,,,,,
9.165350E1,,,,,
9.167031E1,,,,,
9.168712E1,,,,,
9.170393E1,,,,,
9.172074E1,,,,,
9.173755E1,,,,,
9.175436E1,,,,,
9.177117E1,,,,,
9.178798E1,,,,,
9.180479E1,,,,,
9.182161E1,,,,,
9.183842E1,,,,,
9.185523E1,,,,,
9.187204E1,,,,,
9.188885E1,,,,,
9.190566E1,,,,,
9.192247E1,,,,,
9.193928E1,,,,,
9.195609E1,,,,,
9.197290E1,,,,,
9.198972E1,,,,,
9.200653E1,,,,,
9.202334E1,,,,,
9.204015E1,,,,,
9.205696E1,,,,,
9.207377E1,,,,,
9.209058E1,,,,,
9.210739E1,,,,,
9.212420E1,,,,,
9.214101E1,,,,,
9.215783E1,,,,,
9.217464E1,,,,,
9.219145E1,,,,,
9.220826E1,,,,,
9.222507E1,,,,,
9.224188E1,,,,,
9.225869E1,,,,,
9.227550E1,,,,,
9.229231E1,,,,,
9.230912E1,,,,,
9.232594E1,,,,,
9.234275E1,,,,,
9.235956E1,,,,,
9.237637E1,,,,,
9.239318E1,,,,,
9.240999E1,,,,,
9.242680E1,,,,,
9.244361E1,,,,,
9.246042E1,,,,,
9.247723E1,,,,,
9.249405E1,,,,,
9.251086E1,,,,,
9.252767E1,,,,,
9.254448E1,,,,,
9.256129E1,,,,,
9.257810E1,,,,,
9.259491E1,,,,,
9.261172E1,,,,,
9.262853E1,,,,,
9.264534E1,,,,,
9.266215E1,,,,,
9.267897E1,,,,,
9.269578E1,,,,,
9.271259E1,,,,,
9.272940E1,,,,,
9.274621E1,,,,,
9.276302E1,,,,,
9.277983E1,,,,,
9.279664E1,,,,,
9.281345E1,,,,,
9.283026E1,,,,,
9.284708E1,,,,,
9.286389E1,,,,,
9.288070E1,,,,,
9.289751E1,,,,,
9.291432E1,,,,,
9.293113E1,,,,,
9.294794E1,,,,,
9.296475E1,,,,,
9.298156E1,,,,,
9.299837E1,,,,,
9.301519E1,,,,,
9.303200E1,,,,,
9.304881E1,,,,,
9.306562E1,,,,,
9.308243E1,,,,,
9.309924E1,,,,,
9.311605E1,,,,,
9.313286E1,,,,,
9.314967E1,,,,,
9.316648E1,,,,,
9.318330E1,,,,,
9.320011E1,,,,,
9.321692E1,,,,,
9.323373E1,,,,,
9.325054E1,,,,,
9.326735E1,,,,,
9.328416E1,,,,,
9.330097E1,,,,,
9.331778E1,,,,,
9.333459E1,,,,,
9.335141E1,,,,,
9.336822E1,,,,,
9.338503E1,,,,,
9.340184E1,,,,,
9.341865E1,,,,,
9.343546E1,,,,,
9.345227E1,,,,,
9.346908E1,,,,,
9.348589E1,,,,,
9.350270E1,,,,,
9.351952E1,,,,,
9.353633E1,,,,,
9.355314E1,,,,,
9.356995E1,,,,,
9.358676E1,,,,,
9.360357E1,,,,,
9.362038E1,,,,,
9.363719E1,,,,,
9.365400E1,,,,,
9.367081E1,,,,,
9.368763E1,,,,,
9.370444E1,,,,,
9.372125E1,,,,,
9.373806E1,,,,,
9.375487E1,,,,,
9.377168E1,,,,,
9.378849E1,,,,,
9.380530E1,,,,,
9.382211E1,,,,,
9.383892E1,,,,,
9.385573E1,,,,,
9.387255E1,,,,,
9.388936E1,,,,,
9.390617E1,,,,,
9.392298E1,,,,,
9.393979E1,,,,,
9.395660E1,,,,,
9.397341E1,,,,,
9.399022E1,,,,,
9.400703E1,,,,,
9.402384E1,,,,,
9.404066E1,,,,,
9.405747E1,,,,,
9.407428E1,,,,,
9.409109E1,,,,,
9.410790E1,,,,,
9.412471E1,,,,,
9.414152E1,,,,,
9.415833E1,,,,,
9.417514E1,,,,,
9.419195E1,,,,,
9.420877E1,,,,,
9.422558E1,,,,,
9.424239E1,,,,,
9.425920E1,,,,,
9.427601E1,,,,,
9.429282E1,,,,,
9.430963E1,,,,,
9.432644E1,,,,,
9.434325E1,,,,,
9.436006E1,,,,,
9.437688E1,,,,,
9.439369E1,,,,,
9.441050E1,,,,,
9.442731E1,,,,,
9.444412E1,,,,,
9.446093E1,,,,,
9.447774E1,,,,,
9.449455E1,,,,,
9.451136E1,,,,,
9.452817E1,,,,,
9.454499E1,,,,,
9.456180E1,,,,,
9.457861E1,,,,,
9.459542E1,,,,,
9.461223E1,,,,,
9.462904E1,,,,,
9.464585E1,,,,,
9.466266E1,,,,,
9.467947E1,,,,,
9.469628E1,,,,,
9.471310E1,,,,,
9.472991E1,,,,,
9.474672E1,,,,,
9.476353E1,,,,,
9.478034E1,,,,,
9.479715E1,,,,,
9.481396E1,,,,,
9.483077E1,,,,,
9.484758E1,,,,,
9.486439E1,,,,,
9.488121E1,,,,,
9.489802E1,,,,,
9.491483E1,,,,,
9.493164E1,,,,,
9.494845E1,,,,,
9.496526E1,,,,,
9.498207E1,,,,,
9.499888E1,,,,,
9.501569E1,,,,,
9.503250E1,,,,,
9.504931E1,,,,,
9.506613E1,,,,,
9.508294E1,,,,,
9.509975E1,,,,,
9.511656E1,,,,,
9.513337E1,,,,,
9.515018E1,,,,,
9.516699E1,,,,,
9.518380E1,,,,,
9.520061E1,,,,,
9.521742E1,,,,,
9.523424E1,,,,,
9.525105E1,,,,,
9.526786E1,,,,,
9.528467E1,,,,,
9.530148E1,,,,,
9.531829E1,,,,,
9.533510E1,,,,,
9.535191E1,,,,,
9.536872E1,,,,,
9.538553E1,,,,,
9.540235E1,,,,,
9.541916E1,,,,,
9.543597E1,,,,,
9.545278E1,,,,,
9.546959E1,,,,,
9.548640E1,,,,,
9.550321E1,,,,,
9.552002E1,,,,,
9.553683E1,,,,,
9.555364E1,,,,,
9.557046E1,,,,,
9.558727E1,,,,,
9.560408E1,,,,,
9.562089E1,,,,,
9.563770E1,,,,,
9.565451E1,,,,,
9.567132E1,,,,,
9.568813E1,,,,,
9.570494E1,,,,,
9.572175E1,,,,,
9.573857E1,,,,,
9.575538E1,,,,,
9.577219E1,,,,,
9.578900E1,,,,,
9.580581E1,,,,,
9.582262E1,,,,,
9.583943E1,,,,,
9.585624E1,,,,,
9.587305E1,,,,,
9.588986E1,,,,,
9.590668E1,,,,,
9.592349E1,,,,,
9.594030E1,,,,,
9.595711E1,,,,,
9.597392E1,,,,,
9.599073E1,,,,,
9.600754E1,,,,,
9.602435E1,,,,,
9.604116E1,,,,,
9.605797E1,,,,,
9.607479E1,,,,,
9.609160E1,,,,,
9.610841E1,,,,,
9.612522E1,,,,,
9.614203E1,,,,,
9.615884E1,,,,,
9.617565E1,,,,,
9.619246E1,,,,,
9.620927E1,,,,,
9.622608E1,,,,,
9.624289E1,,,,,
9.625971E1,,,,,
9.627652E1,,,,,
9.629333E1,,,,,
9.631014E1,,,,,
9.632695E1,,,,,
9.634376E1,,,,,
9.636057E1,,,,,
9.637738E1,,,,,
9.639419E1,,,,,
9.641100E1,,,,,
9.642782E1,,,,,
9.644463E1,,,,,
9.646144E1,,,,,
9.647825E1,,,,,
9.649506E1,,,,,
9.651187E1,,,,,
9.652868E1,,,,,
9.654549E1,,,,,
9.656230E1,,,,,
9.657911E1,,,,,
9.659593E1,,,,,
9.661274E1,,,,,
9.662955E1,,,,,
9.664636E1,,,,,
9.666317E1,,,,,
9.667998E1,,,,,
9.669679E1,,,,,
9.671360E1,,,,,
9.673041E1,,,,,
9.674722E1,,,,,
9.676404E1,,,,,
9.678085E1,,,,,
9.679766E1,,,,,
9.681447E1,,,,,
9.683128E1,,,,,
9.684809E1,,,,,
9.686490E1,,,,,
9.688171E1,,,,,
9.689852E1,,,,,
9.691533E1,,,,,
9.693215E1,,,,,
9.694896E1,,,,,
9.696577E1,,,,,
9.698258E1,,,,,
9.699939E1,,,,,
9.701620E1,,,,,
9.703301E1,,,,,
9.704982E1,,,,,
9.706663E1,,,,,
9.708344E1,,,,,
9.710026E1,,,,,
9.711707E1,,,,,
9.713388E1,,,,,
9.715069E1,,,,,
9.716750E1,,,,,
9.718431E1,,,,,
9.720112E1,,,,,
9.721793E1,,,,,
9.723474E1,,,,,
9.725155E1,,,,,
9.726837E1,,,,,
9.728518E1,,,,,
9.730199E1,,,,,
9.731880E1,,,,,
9.733561E1,,,,,
9.735242E1,,,,,
9.736923E1,,,,,
9.738604E1,,,,,
9.740285E1,,,,,
9.741966E1,,,,,
9.743647E1,,,,,
9.745329E1,,,,,
9.747010E1,,,,,
9.748691E1,,,,,
9.750372E1,,,,,
9.752053E1,,,,,
9.753734E1,,,,,
9.755415E1,,,,,
9.757096E1,,,,,
9.758777E1,,,,,
9.760458E1,,,,,
9.762140E1,,,,,
9.763821E1,,,,,
9.765502E1,,,,,
9.767183E1,,,,,
9.768864E1,,,,,
9.770545E1,,,,,
9.772226E1,,,,,
9.773907E1,,,,,
9.775588E1,,,,,
9.777269E1,,,,,
9.778951E1,,,,,
9.780632E1,,,,,
9.782313E1,,,,,
9.783994E1,,,,,
9.785675E1,,,,,
9.787356E1,,,,,
9.789037E1,,,,,
9.790718E1,,,,,
9.792399E1,,,,,
9.794080E1,,,,,
9.795762E1,,,,,
9.797443E1,,,,,
9.799124E1,,,,,
9.800805E1,,,,,
9.802486E1,,,,,
9.804167E1,,,,,
9.805848E1,,,,,
9.807529E1,,,,,
9.809210E1,,,,,
9.810891E1,,,,,
9.812573E1,,,,,
9.814254E1,,,,,
9.815935E1,,,,,
9.817616E1,,,,,
9.819297E1,,,,,
9.820978E1,,,,,
9.822659E1,,,,,
9.824340E1,,,,,
9.826021E1,,,,,
9.827702E1,,,,,
9.829384E1,,,,,
9.831065E1,,,,,
9.832746E1,,,,,
9.834427E1,,,,,
9.836108E1,,,,,
9.837789E1,,,,,
9.839470E1,,,,,
9.841151E1,,,,,
9.842832E1,,,,,
9.844513E1,,,,,
9.846195E1,,,,,
9.847876E1,,,,,
9.849557E1,,,,,
9.851238E1,,,,,
9.852919E1,,,,,
9.854600E1,,,,,
9.856281E1,,,,,
9.857962E1,,,,,
9.859643E1,,,,,
9.861324E1,,,,,
9.863005E1,,,,,
9.864687E1,,,,,
9.866368E1,,,,,
9.868049E1,,,,,
9.869730E1,,,,,
9.871411E1,,,,,
9.873092E1,,,,,
9.874773E1,,,,,
9.876454E1,,,,,
9.878135E1,,,,,
9.879816E1,,,,,
9.881498E1,,,,,
9.883179E1,,,,,
9.884860E1,,,,,
9.886541E1,,,,,
9.888222E1,,,,,
9.889903E1,,,,,
9.891584E1,,,,,
9.893265E1,,,,,
9.894946E1,,,,,
9.896627E1,,,,,
9.898309E1,,,,,
9.899990E1,,,,,
9.901671E1,,,,,
9.903352E1,,,,,
9.905033E1,,,,,
9.906714E1,,,,,
9.908395E1,,,,,
9.910076E1,,,,,
9.911757E1,,,,,
9.913438E1,,,,,
9.915120E1,,,,,
9.916801E1,,,,,
9.918482E1,,,,,
9.920163E1,,,,,
9.921844E1,,,,,
9.923525E1,,,,,
9.925206E1,,,,,
9.926887E1,,,,,
9.928568E1,,,,,
9.930249E1,,,,,
9.931931E1,,,,,
9.933612E1,,,,,
9.935293E1,,,,,
9.936974E1,,,,,
9.938655E1,,,,,
9.940336E1,,,,,
9.942017E1,,,,,
9.943698E1,,,,,
9.945379E1,,,,,
9.947060E1,,,,,
9.948742E1,,,,,
9.950423E1,,,,,
9.952104E1,,,,,
9.953785E1,,,,,
9.955466E1,,,,,
9.957147E1,,,,,
9.958828E1,,,,,
9.960509E1,,,,,
9.962190E1,,,,,
9.963871E1,,,,,
9.965553E1,,,,,
9.967234E1,,,,,
9.968915E1,,,,,
9.970596E1,,,,,
9.972277E1,,,,,
9.973958E1,,,,,
9.975639E1,,,,,
9.977320E1,,,,,
9.979001E1,,,,,
9.980682E1,,,,,
9.982363E1,,,,,
9.984045E1,,,,,
9.985726E1,,,,,
9.987407E1,,,,,
9.989088E1,,,,,
9.990769E1,,,,,
9.992450E1,,,,,
9.994131E1,,,,,
9.995812E1,,,,,
9.997493E1,,,,,
9.999174E1,,,,,
1.000086E2,,,,,
1.000254E2,,,,,
1.000422E2,,,,,
1.000590E2,,,,,
1.000758E2,,,,,
1.000926E2,,,,,
1.001094E2,,,,,
1.001262E2,,,,,
1.001430E2,,,,,
1.001599E2,,,,,
1.001767E2,,,,,
1.001935E2,,,,,
1.002103E2,,,,,
1.002271E2,,,,,
1.002439E2,,,,,
1.002607E2,,,,,
1.002775E2,,,,,
1.002943E2,,,,,
1.003112E2,,,,,
1.003280E2,,,,,
1.003448E2,,,,,
1.003616E2,,,,,
1.003784E2,,,,,
1.003952E2,,,,,
1.004120E2,,,,,
1.004288E2,,,,,
1.004456E2,,,,,
1.004625E2,,,,,
1.004793E2,,,,,
1.004961E2,,,,,
1.005129E2,,,,,
1.005297E2,,,,,
1.005465E2,,,,,
1.005633E2,,,,,
1.005801E2,,,,,
1.005969E2,,,,,
1.006138E2,,,,,
1.006306E2,,,,,
1.006474E2,,,,,
1.006642E2,,,,,
1.006810E2,,,,,
1.006978E2,,,,,
1.007146E2,,,,,
1.007314E2,,,,,
1.007482E2,,,,,
1.007651E2,,,,,
1.007819E2,,,,,
1.007987E2,,,,,
1.008155E2,,,,,
1.008323E2,,,,,
1.008491E2,,,,,
1.008659E2,,,,,
1.008827E2,,,,,
1.008995E2,,,,,
1.009163E2,,,,,
1.009332E2,,,,,
1.009500E2,,,,,
1.009668E2,,,,,
1.009836E2,,,,,
1.010004E2,,,,,
1.010172E2,,,,,
1.010340E2,,,,,
1.010508E2,,,,,
1.010676E2,,,,,
1.010845E2,,,,,
1.011013E2,,,,,
1.011181E2,,,,,
1.011349E2,,,,,
1.011517E2,,,,,
1.011685E2,,,,,
1.011853E2,,,,,
1.012021E2,,,,,
1.012189E2,,,,,
1.012358E2,,,,,
1.012526E2,,,,,
1.012694E2,,,,,
1.012862E2,,,,,
1.013030E2,,,,,
1.013198E2,,,,,
1.013366E2,,,,,
1.013534E2,,,,,
1.013702E2,,,,,
1.013871E2,,,,,
1.014039E2,,,,,
1.014207E2,,,,,
1.014375E2,,,,,
1.014543E2,,,,,
1.014711E2,,,,,
1.014879E2,,,,,
1.015047E2,,,,,
1.015215E2,,,,,
1.015384E2,,,,,
1.015552E2,,,,,
1.015720E2,,,,,
1.015888E2,,,,,
1.016056E2,,,,,
1.016224E2,,,,,
1.016392E2,,,,,
1.016560E2,,,,,
1.016728E2,,,,,
1.016897E2,,,,,
1.017065E2,,,,,
1.017233E2,,,,,
1.017401E2,,,,,
1.017569E2,,,,,
1.017737E2,,,,,
1.017905E2,,,,,
1.018073E2,,,,,
1.018241E2,,,,,
1.018410E2,,,,,
1.018578E2,,,,,
1.018746E2,,,,,
1.018914E2,,,,,
1.019082E2,,,,,
1.019250E2,,,,,
1.019418E2,,,,,
1.019586E2,,,,,
1.019754E2,,,,,
1.019923E2,,,,,
1.020091E2,,,,,
1.020259E2,,,,,
1.020427E2,,,,,
1.020595E2,,,,,
1.020763E2,,,,,
1.020931E2,,,,,
1.021099E2,,,,,
1.021267E2,,,,,
1.021436E2,,,,,
1.021604E2,,,,,
1.021772E2,,,,,
1.021940E2,,,,,
1.022108E2,,,,,
1.022276E2,,,,,
1.022444E2,,,,,
1.022612E2,,,,,
1.022780E2,,,,,
1.022948E2,,,,,
1.023117E2,,,,,
1.023285E2,,,,,
1.023453E2,,,,,
1.023621E2,,,,,
1.023789E2,,,,,
1.023957E2,,,,,
1.024125E2,,,,,
1.024293E2,,,,,
1.024461E2,,,,,
1.024630E2,,,,,
1.024798E2,,,,,
1.024966E2,,,,,
1.025134E2,,,,,
1.025302E2,,,,,
1.025470E2,,,,,
1.025638E2,,,,,
1.025806E2,,,,,
1.025974E2,,,,,
1.026143E2,,,,,
1.026311E2,,,,,
1.026479E2,,,,,
1.026647E2,,,,,
1.026815E2,,,,,
1.026983E2,,,,,
1.027151E2,,,,,
1.027319E2,,,,,
1.027487E2,,,,,
1.027656E2,,,,,
1.027824E2,,,,,
1.027992E2,,,,,
1.028160E2,,,,,
1.028328E2,,,,,
1.028496E2,,,,,
1.028664E2,,,,,
1.028832E2,,,,,
1.029000E2,,,,,
1.029169E2,,,,,
1.029337E2,,,,,
1.029505E2,,,,,
1.029673E2,,,,,
1.029841E2,,,,,
1.030009E2,,,,,
1.030177E2,,,,,
1.030345E2,,,,,
1.030513E2,,,,,
1.030682E2,,,,,
1.030850E2,,,,,
1.031018E2,,,,,
1.031186E2,,,,,
1.031354E2,,,,,
1.031522E2,,,,,
1.031690E2,,,,,
1.031858E2,,,,,
1.032026E2,,,,,
1.032195E2,,,,,
1.032363E2,,,,,
1.032531E2,,,,,
1.032699E2,,,,,
1.032867E2,,,,,
1.033035E2,,,,,
1.033203E2,,,,,
1.033371E2,,,,,
1.033539E2,,,,,
1.033708E2,,,,,
1.033876E2,,,,,
1.034044E2,,,,,
1.034212E2,,,,,
1.034380E2,,,,,
1.034548E2,,,,,
1.034716E2,,,,,
1.034884E2,,,,,
1.035052E2,,,,,
1.035221E2,,,,,
1.035389E2,,,,,
1.035557E2,,,,,
1.035725E2,,,,,
1.035893E2,,,,,
1.036061E2,,,,,
1.036229E2,,,,,
1.036397E2,,,,,
1.036565E2,,,,,
1.036734E2,,,,,
1.036902E2,,,,,
1.037070E2,,,,,
1.037238E2,,,,,
1.037406E2,,,,,
1.037574E2,,,,,
1.037742E2,,,,,
1.037910E2,,,,,
1.038078E2,,,,,
1.038246E2,,,,,
1.038415E2,,,,,
1.038583E2,,,,,
1.038751E2,,,,,
1.038919E2,,,,,
1.039087E2,,,,,
1.039255E2,,,,,
1.039423E2,,,,,
1.039591E2,,,,,
1.039759E2,,,,,
1.039928E2,,,,,
1.040096E2,,,,,
1.040264E2,,,,,
1.040432E2,,,,,
1.040600E2,,,,,
1.040768E2,,,,,
1.040936E2,,,,,
1.041104E2,,,,,
1.041272E2,,,,,
1.041441E2,,,,,
1.041609E2,,,,,
1.041777E2,,,,,
1.041945E2,,,,,
1.042113E2,,,,,
1.042281E2,,,,,
1.042449E2,,,,,
1.042617E2,,,,,
1.042785E2,,,,,
1.042954E2,,,,,
1.043122E2,,,,,
1.043290E2,,,,,
1.043458E2,,,,,
1.043626E2,,,,,
1.043794E2,,,,,
1.043962E2,,,,,
1.044130E2,,,,,
1.044298E2,,,,,
1.044467E2,,,,,
1.044635E2,,,,,
1.044803E2,,,,,
1.044971E2,,,,,
1.045139E2,,,,,
1.045307E2,,,,,
1.045475E2,,,,,
1.045643E2,,,,,
1.045811E2,,,,,
1.045980E2,,,,,
1.046148E2,,,,,
1.046316E2,,,,,
1.046484E2,,,,,
1.046652E2,,,,,
1.046820E2,,,,,
1.046988E2,,,,,
1.047156E2,,,,,
1.047324E2,,,,,
1.047493E2,,,,,
1.047661E2,,,,,
1.047829E2,,,,,
1.047997E2,,,,,
1.048165E2,,,,,
1.048333E2,,,,,
1.048501E2,,,,,
1.048669E2,,,,,
1.048837E2,,,,,
1.049006E2,,,,,
1.049174E2,,,,,
1.049342E2,,,,,
1.049510E2,,,,,
1.049678E2,,,,,
1.049846E2,,,,,
1.050014E2,,,,,
1.050182E2,,,,,
1.050350E2,,,,,
1.050519E2,,,,,
1.050687E2,,,,,
1.050855E2,,,,,
1.051023E2,,,,,
1.051191E2,,,,,
1.051359E2,,,,,
1.051527E2,,,,,
1.051695E2,,,,,
1.051863E2,,,,,
1.052032E2,,,,,
1.052200E2,,,,,
1.052368E2,,,,,
1.052536E2,,,,,
1.052704E2,,,,,
1.052872E2,,,,,
1.053040E2,,,,,
1.053208E2,,,,,
1.053376E2,,,,,
1.053544E2,,,,,
1.053713E2,,,,,
1.053881E2,,,,,
1.054049E2,,,,,
1.054217E2,,,,,
1.054385E2,,,,,
1.054553E2,,,,,
1.054721E2,,,,,
1.054889E2,,,,,
1.055057E2,,,,,
1.055226E2,,,,,
1.055394E2,,,,,
1.055562E2,,,,,
1.055730E2,,,,,
1.055898E2,,,,,
1.056066E2,,,,,
1.056234E2,,,,,
1.056402E2,,,,,
1.056570E2,,,,,
1.056739E2,,,,,
1.056907E2,,,,,
1.057075E2,,,,,
1.057243E2,,,,,
1.057411E2,,,,,
1.057579E2,,,,,
1.057747E2,,,,,
1.057915E2,,,,,
1.058083E2,,,,,
1.058252E2,,,,,
1.058420E2,,,,,
1.058588E2,,,,,
1.058756E2,,,,,
1.058924E2,,,,,
1.059092E2,,,,,
1.059260E2,,,,,
1.059428E2,,,,,
1.059596E2,,,,,
1.059765E2,,,,,
1.059933E2,,,,,
1.060101E2,,,,,
1.060269E2,,,,,
1.060437E2,,,,,
1.060605E2,,,,,
1.060773E2,,,,,
1.060941E2,,,,,
1.061109E2,,,,,
1.061278E2,,,,,
1.061446E2,,,,,
1.061614E2,,,,,
1.061782E2,,,,,
1.061950E2,,,,,
1.062118E2,,,,,
1.062286E2,,,,,
1.062454E2,,,,,
1.062622E2,,,,,
1.062791E2,,,,,
1.062959E2,,,,,
1.063127E2,,,,,
1.063295E2,,,,,
1.063463E2,,,,,
1.063631E2,,,,,
1.063799E2,,,,,
1.063967E2,,,,,
1.064135E2,,,,,
1.064304E2,,,,,
1.064472E2,,,,,
1.064640E2,,,,,
1.064808E2,,,,,
1.064976E2,,,,,
1.065144E2,,,,,
1.065312E2,,,,,
1.065480E2,,,,,
1.065648E2,,,,,
1.065817E2,,,,,
1.065985E2,,,,,
1.066153E2,,,,,
1.066321E2,,,,,
1.066489E2,,,,,
1.066657E2,,,,,
1.066825E2,,,,,
1.066993E2,,,,,
1.067161E2,,,,,
1.067330E2,,,,,
1.067498E2,,,,,
1.067666E2,,,,,
1.067834E2,,,,,
1.068002E2,,,,,
1.068170E2,,,,,
1.068338E2,,,,,
1.068506E2,,,,,
1.068674E2,,,,,
1.068842E2,,,,,
1.069011E2,,,,,
1.069179E2,,,,,
1.069347E2,,,,,
1.069515E2,,,,,
1.069683E2,,,,,
1.069851E2,,,,,
1.070019E2,,,,,
1.070187E2,,,,,
1.070355E2,,,,,
1.070524E2,,,,,
1.070692E2,,,,,
1.070860E2,,,,,
1.071028E2,,,,,
1.071196E2,,,,,
1.071364E2,,,,,
1.071532E2,,,,,
1.071700E2,,,,,
1.071868E2,,,,,
1.072037E2,,,,,
1.072205E2,,,,,
1.072373E2,,,,,
1.072541E2,,,,,
1.072709E2,,,,,
1.072877E2,,,,,
1.073045E2,,,,,
1.073213E2,,,,,
1.073381E2,,,,,
1.073550E2,,,,,
1.073718E2,,,,,
1.073886E2,,,,,
1.074054E2,,,,,
1.074222E2,,,,,
1.074390E2,,,,,
1.074558E2,,,,,
1.074726E2,,,,,
1.074894E2,,,,,
1.075063E2,,,,,
1.075231E2,,,,,
1.075399E2,,,,,
1.075567E2,,,,,
1.075735E2,,,,,
1.075903E2,,,,,
1.076071E2,,,,,
1.076239E2,,,,,
1.076407E2,,,,,
1.076576E2,,,,,
1.076744E2,,,,,
1.076912E2,,,,,
1.077080E2,,,,,
1.077248E2,,,,,
1.077416E2,,,,,
1.077584E2,,,,,
1.077752E2,,,,,
1.077920E2,,,,,
1.078089E2,,,,,
1.078257E2,,,,,
1.078425E2,,,,,
1.078593E2,,,,,
1.078761E2,,,,,
1.078929E2,,,,,
1.079097E2,,,,,
1.079265E2,,,,,
1.079433E2,,,,,
1.079602E2,,,,,
1.079770E2,,,,,
1.079938E2,,,,,
1.080106E2,,,,,
1.080274E2,,,,,
1.080442E2,,,,,
1.080610E2,,,,,
1.080778E2,,,,,
1.080946E2,,,,,
1.081115E2,,,,,
1.081283E2,,,,,
1.081451E2,,,,,
1.081619E2,,,,,
1.081787E2,,,,,
1.081955E2,,,,,
1.082123E2,,,,,
1.082291E2,,,,,
1.082459E2,,,2.105712E0,,
1.082627E2,,,2.105712E0,,
1.082796E2,,,2.105712E0,,
1.082964E2,,,2.105712E0,,
1.083132E2,,,2.105712E0,,
1.083300E2,,,2.105712E0,,
1.083468E2,,,2.105712E0,,
1.083636E2,,,2.105712E0,,
1.083804E2,,,2.107733E0,,
1.083972E2,,,2.108945E0,,
1.084140E2,,,2.108945E0,,
1.084309E2,,,2.108945E0,,
1.084477E2,,,2.108945E0,,
1.084645E2,,,2.108945E0,,
1.084813E2,,,2.110562E0,,
1.084981E2,,,2.110966E0,,
1.085149E2,,,2.112179E0,,
1.085317E2,,,2.112583E0,,
1.085485E2,,,2.115007E0,,
1.085653E2,,,2.115007E0,,
1.085822E2,,,2.112987E0,,
1.085990E2,,,2.112987E0,,
1.086158E2,,,2.112987E0,,
1.086326E2,,,2.112987E0,,
1.086494E2,,,2.112987E0,,
1.086662E2,,,2.114199E0,,
1.086830E2,,,2.116220E0,,
1.086998E2,,,2.119453E0,,
1.087166E2,,,2.119453E0,,
1.087335E2,,,2.119453E0,,
1.087503E2,,,2.122686E0,,
1.087671E2,,,2.122686E0,,
1.087839E2,,,2.122686E0,,
1.088007E2,,,2.122686E0,,
1.088175E2,,,2.122686E0,,
1.088343E2,,,2.122686E0,,
1.088511E2,,,2.122686E0,,
1.088679E2,,,2.116220E0,,
1.088848E2,,,2.107733E0,,
1.089016E2,,,2.095609E0,,
1.089184E2,,,2.086718E0,,
1.089352E2,,,2.075402E0,,
1.089520E2,,,2.059640E0,,
1.089688E2,,,2.049941E0,,
1.089856E2,,,2.027714E0,,
1.090024E2,,,2.010336E0,,
1.090192E2,,,1.990937E0,,
1.090361E2,,,1.962243E0,,
1.090529E2,,,1.932337E0,,
1.090697E2,,,1.916171E0,,
1.090865E2,,,1.892731E0,,
1.091033E2,,,1.865654E0,,
1.091201E2,,,1.835343E0,,
1.091369E2,,,1.804629E0,,
1.091537E2,,,1.773914E0,,
1.091705E2,,,1.736734E0,,
1.091874E2,,,1.708040E0,,
1.092042E2,,,1.670455E0,,
1.092210E2,,,1.638124E0,,
1.092378E2,,,1.598922E0,,
1.092546E2,,,1.566187E0,,
1.092714E2,,,1.528198E0,,
1.092882E2,,,1.488592E0,,
1.093050E2,,,1.446966E0,,
1.093218E2,,,1.404127E0,,
1.093387E2,,,1.358460E0,,
1.093555E2,,,1.318046E0,,
1.093723E2,,,1.274399E0,,
1.093891E2,,,1.236006E0,,
1.094059E2,,,1.180639E0,,
1.094227E2,,,1.137396E0,,
1.094395E2,,,1.088091E0,,
1.094563E2,,,1.044848E0,,
1.094731E2,,,9.979678E-1,,
1.094900E2,,,9.490670E-1,,
1.095068E2,,,9.058241E-1,,
1.095236E2,,,8.565192E-1,,
1.095404E2,,,8.136804E-1,,
1.095572E2,,,7.619507E-1,,
1.095740E2,,,7.170913E-1,,
1.095908E2,,,6.750608E-1,,
1.096076E2,,,6.306055E-1,,
1.096244E2,,,5.853420E-1,,
1.096413E2,,,5.404826E-1,,
1.096581E2,,,4.915818E-1,,
1.096749E2,,,4.434893E-1,,
1.096917E2,,,3.958009E-1,,
1.097085E2,,,3.477084E-1,,
1.097253E2,,,2.984034E-1,,
1.097421E2,,,2.515233E-1,,
1.097589E2,,,2.026225E-1,,
1.097757E2,,,1.614004E-1,,
1.097925E2,,,1.104789E-1,,
1.098094E2,,,5.996151E-2,,
1.098262E2,,,2.924696E-2,,
1.098430E2,,,,,
1.098598E2,,,,,
1.098766E2,,,,,
1.098934E2,,,,,
1.099102E2,,,,,
1.099270E2,,,,,
1.099438E2,,,,,
1.099607E2,,,,,
1.099775E2,,,,,
1.099943E2,,,,,
1.100111E2,,,,,
1.100279E2,,,,,
1.100447E2,,,,,
1.100615E2,,,,,
1.100783E2,,,,,
1.100951E2,,,,,
1.101120E2,,,,,
1.101288E2,,,,,
1.101456E2,,,,,
1.101624E2,,,,,
1.101792E2,,,,,
1.101960E2,,,,,
1.102128E2,,,,,
1.102296E2,,,,,
1.102464E2,,,,,
1.102633E2,,,,,
1.102801E2,,,,,
1.102969E2,,,,,
1.103137E2,,,,,
1.103305E2,,,,,
1.103473E2,,,,,
1.103641E2,,,,,
1.103809E2,,,,,
1.103977E2,,,,,
1.104146E2,,,,,
1.104314E2,,,,,
1.104482E2,,,,,
1.104650E2,,,,,
1.104818E2,,,,,
1.104986E2,,,,,
1.105154E2,,,,,
1.105322E2,,,,,
1.105490E2,,,,,
1.105659E2,,,,,
1.105827E2,,,,,
1.105995E2,,,,,
1.106163E2,,,,,
1.106331E2,,,,,
1.106499E2,,,,,
1.106667E2,,,,,
1.106835E2,,,,,
1.107003E2,,,,,
1.107172E2,,,,,
1.107340E2,,,,,
1.107508E2,,,,,
1.107676E2,,,,,
1.107844E2,,,,,
1.108012E2,,,,,
1.108180E2,,,,,
1.108348E2,,,,,
1.108516E2,,,,,
1.108685E2,,,,,
1.108853E2,,,,,
1.109021E2,,,,,
1.109189E2,,,,,
1.109357E2,,,,,
1.109525E2,,,,,
1.109693E2,,,,,
1.109861E2,,,,,
1.110029E2,,,,,
1.110198E2,,,,,
1.110366E2,,,,,
1.110534E2,,,,,
1.110702E2,,,,,
1.110870E2,,,,,
1.111038E2,,,,,
1.111206E2,,,,,
1.111374E2,,,,,
1.111542E2,,,,,
1.111711E2,,,,,
1.111879E2,,,,,
1.112047E2,,,,,
1.112215E2,,,,,
1.112383E2,,,,,
1.112551E2,,,,,
1.112719E2,,,,,
1.112887E2,,,,,
1.113055E2,,,,,
1.113223E2,,,,,
1.113392E2,,,,,
1.113560E2,,,,,
1.113728E2,,,,,
1.113896E2,,,,,
1.114064E2,,,,,
1.114232E2,,,,,
1.114400E2,,,,,
1.114568E2,,,,,
1.114736E2,,,,,
1.114905E2,,,,,
1.115073E2,,,,,
1.115241E2,,,,,
1.115409E2,,,,,
1.115577E2,,,,,
1.115745E2,,,,,
1.115913E2,,,,,
1.116081E2,,,,,
1.116249E2,,,,,
1.116418E2,,,,,
1.116586E2,,,,,
1.116754E2,,,,,
1.116922E2,,,,,
1.117090E2,,,,,
1.117258E2,,,,,
1.117426E2,,,,,
1.117594E2,,,,,
1.117762E2,,,,,
1.117931E2,,,,,
1.118099E2,,,,,
1.118267E2,,,,,
1.118435E2,,,,,
1.118603E2,,,,,
1.118771E2,,,,,
1.118939E2,,,,,
1.119107E2,,,,,
1.119275E2,,,,,
1.119444E2,,,,,
1.119612E2,,,,,
1.119780E2,,,,,
1.119948E2,,,,,
1.120116E2,,,,,
1.120284E2,,,,,
1.120452E2,,,,,
1.120620E2,,,,,
1.120788E2,,,,,
1.120957E2,,,,,
1.121125E2,,,,,
1.121293E2,,,,,
1.121461E2,,,,,
1.121629E2,,,,,
1.121797E2,,,,,
1.121965E2,,,,,
1.122133E2,,,,,
1.122301E2,,,,,
1.122470E2,,,,,
1.122638E2,,,,,
1.122806E2,,,,,
1.122974E2,,,,,
1.123142E2,,,,,
1.123310E2,,,,,
1.123478E2,,,,,
1.123646E2,,,,,
1.123814E2,,,,,
1.123983E2,,,,,
1.124151E2,,,,,
1.124319E2,,,,,
1.124487E2,,,,,
1.124655E2,,,,,
1.124823E2,,,,,
1.124991E2,,,,,
1.125159E2,,,,,
1.125327E2,,,,,
1.125496E2,,,,,
1.125664E2,,,,,
1.125832E2,,,,,
1.126000E2,,,,,
1.126168E2,,,,,
1.126336E2,,,,,
1.126504E2,,,,,
1.126672E2,,,,,
1.126840E2,,,,,
1.127009E2,,,,,
1.127177E2,,,,,
1.127345E2,,,,,
1.127513E2,,,,,
1.127681E2,,,,,
1.127849E2,,,,,
1.128017E2,,,,,
1.128185E2,,,,,
1.128353E2,,,,,
1.128521E2,,,,,
1.128690E2,,,,,
1.128858E2,,,,,
1.129026E2,,,,,
1.129194E2,,,,,
1.129362E2,,,,,
1.129530E2,,,,,
1.129698E2,,,,,
1.129866E2,,,,,
1.130034E2,,,,,
1.130203E2,,,,,
1.130371E2,,,,,
1.130539E2,,,,,
1.130707E2,,,,,
1.130875E2,,,,,
1.131043E2,,,,,
1.131211E2,,,,,
1.131379E2,,,,,
1.131547E2,,,,,
1.131716E2,,,,,
1.131884E2,,,,,
1.132052E2,,,,,
1.132220E2,,,,,
1.132388E2,,,,,
1.132556E2,,,,,
1.132724E2,,,,,
1.132892E2,,,,,
1.133060E2,,,,,
1.133229E2,,,,,
1.133397E2,,,,,
1.133565E2,,,,,
1.133733E2,,,,,
1.133901E2,,,,,
1.134069E2,,,,,
1.134237E2,,,,,
1.134405E2,,,,,
1.134573E2,,,,,
1.134742E2,,,,,
1.134910E2,,,,,
1.135078E2,,,,,
1.135246E2,,,,,
1.135414E2,,,,,
1.135582E2,,,,,
1.135750E2,,,,,
1.135918E2,,,,,
1.136086E2,,,,,
1.136255E2,,,,,
1.136423E2,,,,,
1.136591E2,,,,,
1.136759E2,,,,,
1.136927E2,,,,,
1.137095E2,,,,,
1.137263E2,,,,,
1.137431E2,,,,,
1.137599E2,,,,,
1.137768E2,,,,,
1.137936E2,,,,,
1.138104E2,,,,,
1.138272E2,,,,,
1.138440E2,,,,,
1.138608E2,,,,,
1.138776E2,,,,,
1.138944E2,,,,,
1.139112E2,,,,,
1.139281E2,,,,,
1.139449E2,,,,,
1.139617E2,,,,,
1.139785E2,,,,,
1.139953E2,,,,,
1.140121E2,,,,,
1.140289E2,,,,,
1.140457E2,,,,,
1.140625E2,,,,,
1.140794E2,,,,,
1.140962E2,,,,,
1.141130E2,,,,,
1.141298E2,,,,,
1.141466E2,,,,,
1.141634E2,,,,,
1.141802E2,,,,,
1.141970E2,,,,,
1.142138E2,,,,,
1.142307E2,,,,,
1.142475E2,,,,,
1.142643E2,,,,,
1.142811E2,,,,,
1.142979E2,,,,,
1.143147E2,,,,,
1.143315E2,,,,,
1.143483E2,,,,,
1.143651E2,,,,,
1.143819E2,,,,,
1.143988E2,,,,,
1.144156E2,,,,,
1.144324E2,,,,,
1.144492E2,,,,,
1.144660E2,,,,,
1.144828E2,,,,,
1.144996E2,,,,,
1.145164E2,,,,,
1.145332E2,,,,,
1.145501E2,,,,,
1.145669E2,,,,,
1.145837E2,,,,,
1.146005E2,,,,,
1.146173E2,,,,,
1.146341E2,,,,,
1.146509E2,,,,,
1.146677E2,,,,,
1.146845E2,,,,,
1.147014E2,,,,,
1.147182E2,,,,,
1.147350E2,,,,,
1.147518E2,,,,,
1.147686E2,,,,,
1.147854E2,,,,,
1.148022E2,,,,,
1.148190E2,,,,,
1.148358E2,,,,,
1.148527E2,,,,,
1.148695E2,,,,,
1.148863E2,,,,,
1.149031E2,,,,,
1.149199E2,,,,,
1.149367E2,,,,,
1.149535E2,,,,,
1.149703E2,,,,,
1.149871E2,,,,,
1.150040E2,,,,,
1.150208E2,,,,,
1.150376E2,,,,,
1.150544E2,,,,,
1.150712E2,,,,,
1.150880E2,,,,,
1.151048E2,,,,,
1.151216E2,,,,,
1.151384E2,,,,,
1.151553E2,,,,,
1.151721E2,,,,,
1.151889E2,,,,,
1.152057E2,,,,,
1.152225E2,,,,,
1.152393E2,,,,,
1.152561E2,,,,,
1.152729E2,,,,,
1.152897E2,,,,,
1.153066E2,,,,,
1.153234E2,,,,,
1.153402E2,,,,,
1.153570E2,,,,,
1.153738E2,,,,,
1.153906E2,,,,,
1.154074E2,,,,,
1.154242E2,,,,,
1.154410E2,,,,,
1.154579E2,,,,,
1.154747E2,,,,,
1.154915E2,,,,,
1.155083E2,,,,,
1.155251E2,,,,,
1.155419E2,,,,,
1.155587E2,,,,,
1.155755E2,,,,,
1.155923E2,,,,,
1.156092E2,,,,,
1.156260E2,,,,,
1.156428E2,,,,,
1.156596E2,,,,,
1.156764E2,,,,,
1.156932E2,,,,,
1.157100E2,,,,,
1.157268E2,,,,,
1.157436E2,,,,,
1.157604E2,,,,,
1.157773E2,,,,,
1.157941E2,,,,,
1.158109E2,,,,,
1.158277E2,,,,,
1.158445E2,,,,,
1.158613E2,,,,,
1.158781E2,,,,,
1.158949E2,,,,,
1.159117E2,,,,,
1.159286E2,,,,,
1.159454E2,,,,,
1.159622E2,,,,,
1.159790E2,,,,,
1.159958E2,,,,,
1.160126E2,,,,,
1.160294E2,,,,,
1.160462E2,,,,,
1.160630E2,,,,,
1.160799E2,,,,,
1.160967E2,,,,,
1.161135E2,,,,,
1.161303E2,,,,,
1.161471E2,,,,,
1.161639E2,,,,,
1.161807E2,,,,,
1.161975E2,,,,,
1.162143E2,,,,,
1.162312E2,,,,,
1.162480E2,,,,,
1.162648E2,,,,,
1.162816E2,,,,,
1.162984E2,,,,,
1.163152E2,,,,,
1.163320E2,,,,,
1.163488E2,,,,,
1.163656E2,,,,,
1.163825E2,,,,,
1.163993E2,,,,,
1.164161E2,,,,,
1.164329E2,,,,,
1.164497E2,,,,,
1.164665E2,,,,,
1.164833E2,,,,,
1.165001E2,,,,,
1.165169E2,,,,,
1.165338E2,,,,,
1.165506E2,,,,,
1.165674E2,,,,,
1.165842E2,,,,,
1.166010E2,,,,,
1.166178E2,,,,,
1.166346E2,,,,,
1.166514E2,,,,,
1.166682E2,,,,,
1.166851E2,,,,,
1.167019E2,,,,,
1.167187E2,,,,,
1.167355E2,,,,,
1.167523E2,,,,,
1.167691E2,,,,,
1.167859E2,,,,,
1.168027E2,,,,,
1.168195E2,,,,,
1.168364E2,,,,,
1.168532E2,,,,,
1.168700E2,,,,,
1.168868E2,,,,,
1.169036E2,,,,,
1.169204E2,,,,,
1.169372E2,,,,,
1.169540E2,,,,,
1.169708E2,,,,,
1.169877E2,,,,,
1.170045E2,,,,,
1.170213E2,,,,,
1.170381E2,,,,,
1.170549E2,,,,,
1.170717E2,,,,,
1.170885E2,,,,,
1.171053E2,,,,,
1.171221E2,,,,,
1.171390E2,,,,,
1.171558E2,,,,,
1.171726E2,,,,,
1.171894E2,,,,,
1.172062E2,,,,,
1.172230E2,,,,,
1.172398E2,,,,,
1.172566E2,,,,,
1.172734E2,,,,,
1.172902E2,,,,,
1.173071E2,,,,,
1.173239E2,,,,,
1.173407E2,,,,,
1.173575E2,,,,,
1.173743E2,,,,,
1.173911E2,,,,,
1.174079E2,,,,,
1.174247E2,,,,,
1.174415E2,,,,,
1.174584E2,,,,,
1.174752E2,,,,,
1.174920E2,,,,,
1.175088E2,,,,,
1.175256E2,,,,,
1.175424E2,,,,,
1.175592E2,,,,,
1.175760E2,,,,,
1.175928E2,,,,,
1.176097E2,,,,,
1.176265E2,,,,,
1.176433E2,,,,,
1.176601E2,,,,,
1.176769E2,,,,,
1.176937E2,,,,,
1.177105E2,,,,,
1.177273E2,,,,,
1.177441E2,,,,,
1.177610E2,,,,,
1.177778E2,,,,,
1.177946E2,,,,,
1.178114E2,,,,,
1.178282E2,,,,,
1.178450E2,,,,,
1.178618E2,,,,,
1.178786E2,,,,,
1.178954E2,,,,,
1.179123E2,,,,,
1.179291E2,,,,,
1.179459E2,,,,,
1.179627E2,,,,,
1.179795E2,,,,,
1.179963E2,,,,,
1.180131E2,,,,,
1.180299E2,,,,,
1.180467E2,,,,,
1.180636E2,,,,,
1.180804E2,,,,,
1.180972E2,,,,,
1.181140E2,,,,,
1.181308E2,,,,,
1.181476E2,,,,,
1.181644E2,,,,,
1.181812E2,,,,,
1.181980E2,,,,,
1.182149E2,,,,,
1.182317E2,,,,,
1.182485E2,,,,,
1.182653E2,,,,,
1.182821E2,,,,,
1.182989E2,,,,,
1.183157E2,,,,,
1.183325E2,,,,,
1.183493E2,,,,,
1.183662E2,,,,,
1.183830E2,,,,,
1.183998E2,,,,,
1.184166E2,,,,,
1.184334E2,,,,,
1.184502E2,,,,,
1.184670E2,,,,,
1.184838E2,,,,,
1.185006E2,,,,,
1.185175E2,,,,,
1.185343E2,,,,,
1.185511E2,,,,,
1.185679E2,,,,,
1.185847E2,,,,,
1.186015E2,,,,,
1.186183E2,,,,,
1.186351E2,,,,,
1.186519E2,,,,,
1.186688E2,,,,,
1.186856E2,,,,,
1.187024E2,,,,,
1.187192E2,,,,,
1.187360E2,,,,,
1.187528E2,,,,,
1.187696E2,,,,,
1.187864E2,,,,,
1.188032E2,,,,,
1.188200E2,,,,,
1.188369E2,,,,,
1.188537E2,,,,,
1.188705E2,,,,,
1.188873E2,,,,,
1.189041E2,,,,,
1.189209E2,,,,,
1.189377E2,,,,,
1.189545E2,,,,,
1.189713E2,,,,,
1.189882E2,,,,,
1.190050E2,,,,,
1.190218E2,,,,,
1.190386E2,,,,,
1.190554E2,,,,,
1.190722E2,,,,,
1.190890E2,,,,,
1.191058E2,,,,,
1.191226E2,,,,,
1.191395E2,,,,,
1.191563E2,,,,,
1.191731E2,,,,,
1.191899E2,,,,,
1.192067E2,,,,,
1.192235E2,,,,,
1.192403E2,,,,,
1.192571E2,,,,,
1.192739E2,,,,,
1.192908E2,,,,,
1.193076E2,,,,,
1.193244E2,,,,,
1.193412E2,,,,,
1.193580E2,,,,,
1.193748E2,,,,,
1.193916E2,,,,,
1.194084E2,,,,,
1.194252E2,,,,,
1.194421E2,,,,,
1.194589E2,,,,,
1.194757E2,,,,,
1.194925E2,,,,,
1.195093E2,,,,,
1.195261E2,,,,,
1.195429E2,,,,,
1.195597E2,,,,,
1.195765E2,,,,,
1.195934E2,,,,,
1.196102E2,,,,,
1.196270E2,,,,,
1.196438E2,,,,,
1.196606E2,,,,,
1.196774E2,,,,,
1.196942E2,,,,,
1.197110E2,,,,,
1.197278E2,,,,,
1.197447E2,,,,,
1.197615E2,,,,,
1.197783E2,,,,,
1.197951E2,,,,,
1.198119E2,,,,,
1.198287E2,,,,,
1.198455E2,,,,,
1.198623E2,,,,,
1.198791E2,,,,,
1.198960E2,,,,,
1.199128E2,,,,,
1.199296E2,,,,,
1.199464E2,,,,,
1.199632E2,,,,,
1.199800E2,,,,,
1.199968E2,,,,,
1.200136E2,,,,,
1.200304E2,,,,,
1.200473E2,,,,,
1.200641E2,,,,,
1.200809E2,,,,,
1.200977E2,,,,,
1.201145E2,,,,,
1.201313E2,,,,,
1.201481E2,,,,,
1.201649E2,,,,,
1.201817E2,,,,,
1.201986E2,,,,,
1.202154E2,,,,,
1.202322E2,,,,,
1.202490E2,,,,,
1.202658E2,,,,,
1.202826E2,,,,,
1.202994E2,,,,,
1.203162E2,,,,,
1.203330E2,,,,,
1.203498E2,,,,,
1.203667E2,,,,,
1.203835E2,,,,,
1.204003E2,,,,,
1.204171E2,,,,,
1.204339E2,,,,,
1.204507E2,,,,,
1.204675E2,,,,,
1.204843E2,,,,,
1.205011E2,,,,,
1.205180E2,,,,,
1.205348E2,,,,,
1.205516E2,,,,,
1.205684E2,,,,,
1.205852E2,,,,,
1.206020E2,,,,,
1.206188E2,,,,,
1.206356E2,,,,,
1.206524E2,,,,,
1.206693E2,,,,,
1.206861E2,,,,,
1.207029E2,,,,,
1.207197E2,,,,,
1.207365E2,,,,,
1.207533E2,,,,,
1.207701E2,,,,,
1.207869E2,,,,,
1.208037E2,,,,,
1.208206E2,,,,,
1.208374E2,,,,,
1.208542E2,,,,,
1.208710E2,,,,,
1.208878E2,,,,,
1.209046E2,,,,,
1.209214E2,,,,,
1.209382E2,,,,,
1.209550E2,,,,,
1.209719E2,,,,,
1.209887E2,,,,,
1.210055E2,,,,,
1.210223E2,,,,,
1.210391E2,,,,,
1.210559E2,,,,,
1.210727E2,,,,,
1.210895E2,,,,,
1.211063E2,,,,,
1.211232E2,,,,,
1.211400E2,,,,,
1.211568E2,,,,,
1.211736E2,,,,,
1.211904E2,,,,,
1.212072E2,,,,,
1.212240E2,,,,,
1.212408E2,,,,,
1.212576E2,,,,,
1.212745E2,,,,,
1.212913E2,,,,,
1.213081E2,,,,,
1.213249E2,,,,,
1.213417E2,,,,,
1.213585E2,,,,,
1.213753E2,,,,,
1.213921E2,,,,,
1.214089E2,,,,,
1.214258E2,,,,,
1.214426E2,,,,,
1.214594E2,,,,,
1.214762E2,,,,,
1.214930E2,,,,,
1.215098E2,,,,,
1.215266E2,,,,,
1.215434E2,,,,,
1.215602E2,,,,,
1.215771E2,,,,,
1.215939E2,,,,,
1.216107E2,,,,,
1.216275E2,,,,,
1.216443E2,,,,,
1.216611E2,,,,,
1.216779E2,,,,,
1.216947E2,,,,,
1.217115E2,,,,,
1.217283E2,,,,,
1.217452E2,,,,,
1.217620E2,,,,,
1.217788E2,,,,,
1.217956E2,,,,,
1.218124E2,,,,,
1.218292E2,,,,,
1.218460E2,,,,,
1.218628E2,,,,,
1.218796E2,,,,,
1.218965E2,,,,,
1.219133E2,,,,,
1.219301E2,,,,,
1.219469E2,,,,,
1.219637E2,,,,,
1.219805E2,,,,,
1.219973E2,,,,,
1.220141E2,,,,,
1.220309E2,,,,,
1.220478E2,,,,,
1.220646E2,,,,,
1.220814E2,,,,,
1.220982E2,,,,,
1.221150E2,,,,,
1.221318E2,,,,,
1.221486E2,,,,,
1.221654E2,,,,,
1.221822E2,,,,,
1.221991E2,,,,,
1.222159E2,,,,,
1.222327E2,,,,,
1.222495E2,,,,,
1.222663E2,,,,,
1.222831E2,,,,,
1.222999E2,,,,,
1.223167E2,,,,,
1.223335E2,,,,,
1.223504E2,,,,,
1.223672E2,,,,,
1.223840E2,,,,,
1.224008E2,,,,,
1.224176E2,,,,,
1.224344E2,,,,,
1.224512E2,,,,,
1.224680E2,,,,,
1.224848E2,,,,,
1.225017E2,,,,,
1.225185E2,,,,,
1.225353E2,,,,,
1.225521E2,,,,,
1.225689E2,,,,,
1.225857E2,,,,,
1.226025E2,,,,,
1.226193E2,,,,,
1.226361E2,,,,,
1.226530E2,,,,,
1.226698E2,,,,,
1.226866E2,,,,,
1.227034E2,,,,,
1.227202E2,,,,,
1.227370E2,,,,,
1.227538E2,,,,,
1.227706E2,,,,,
1.227874E2,,,,,
1.228043E2,,,,,
1.228211E2,,,,,
1.228379E2,,,,,
1.228547E2,,,,,
1.228715E2,,,,,
1.228883E2,,,,,
1.229051E2,,,,,
1.229219E2,,,,,
1.229387E2,,,,,
1.229556E2,,,,,
1.229724E2,,,,,
1.229892E2,,,,,
1.230060E2,,,,,
1.230228E2,,,,,
1.230396E2,,,,,
1.230564E2,,,,,
1.230732E2,,,,,
1.230900E2,,,,,
1.231069E2,,,,,
1.231237E2,,,,,
1.231405E2,,,,,
1.231573E2,,,,,
1.231741E2,,,,,
1.231909E2,,,,,
1.232077E2,,,,,
1.232245E2,,,,,
1.232413E2,,,,,
1.232581E2,,,,,
1.232750E2,,,,,
1.232918E2,,,,,
1.233086E2,,,,,
1.233254E2,,,,,
1.233422E2,,,,,
1.233590E2,,,,,
1.233758E2,,,,,
1.233926E2,,,,,
1.234094E2,,,,,
1.234263E2,,,,,
1.234431E2,,,,,
1.234599E2,,,,,
1.234767E2,,,,,
1.234935E2,,,,,
1.235103E2,,,,,
1.235271E2,,,,,
1.235439E2,,,,,
1.235607E2,,,,,
1.235776E2,,,,,
1.235944E2,,,,,
1.236112E2,,,,,
1.236280E2,,,,,
1.236448E2,,,,,
1.236616E2,,,,,
1.236784E2,,,,,
1.236952E2,,,,,
1.237120E2,,,,,
1.237289E2,,,,,
1.237457E2,,,,,
1.237625E2,,,,,
1.237793E2,,,,,
1.237961E2,,,,,
1.238129E2,,,,,
1.238297E2,,,,,
1.238465E2,,,,,
1.238633E2,,,,,
1.238802E2,,,,,
1.238970E2,,,,,
1.239138E2,,,,,
1.239306E2,,,,,
1.239474E2,,,,,
1.239642E2,,,,,
1.239810E2,,,,,
1.239978E2,,,,,
1.240146E2,,,,,
1.240315E2,,,,,
1.240483E2,,,,,
1.240651E2,,,,,
1.240819E2,,,,,
1.240987E2,,,,,
1.241155E2,,,,,
1.241323E2,,,,,
1.241491E2,,,,,
1.241659E2,,,,,
1.241828E2,,,,,
1.241996E2,,,,,
1.242164E2,,,,,
1.242332E2,,,,,
1.242500E2,,,,,
1.242668E2,,,,,
1.242836E2,,,,,
1.243004E2,,,,,
1.243172E2,,,,,
1.243341E2,,,,,
1.243509E2,,,,,
1.243677E2,,,,,
1.243845E2,,,,,
1.244013E2,,,,,
1.244181E2,,,,,
1.244349E2,,,,,
1.244517E2,,,,,
1.244685E2,,,,,
1.244854E2,,,,,
1.245022E2,,,,,
1.245190E2,,,,,
1.245358E2,,,,,
1.245526E2,,,,,
1.245694E2,,,,,
1.245862E2,,,,,
1.246030E2,,,,,
1.246198E2,,,,,
1.246367E2,,,,,
1.246535E2,,,,,
1.246703E2,,,,,
1.246871E2,,,,,
1.247039E2,,,,,
1.247207E2,,,,,
1.247375E2,,,,,
1.247543E2,,,,,
1.247711E2,,,,,
1.247879E2,,,,,
1.248048E2,,,,,
1.248216E2,,,,,
1.248384E2,,,,,
1.248552E2,,,,,
1.248720E2,,,,,
1.248888E2,,,,,
1.249056E2,,,,,
1.249224E2,,,,,
1.249392E2,,,,,
1.249561E2,,,,2.085098E0,
1.249729E2,,,,2.085098E0,
1.249897E2,,,,2.085098E0,
1.250065E2,,,,2.085098E0,
1.250233E2,,,,2.085098E0,
1.250401E2,,,,2.085098E0,
1.250569E2,,,,2.085098E0,
1.250737E2,,,,2.085098E0,
1.250905E2,,,,2.085098E0,
1.251074E2,,,,2.085098E0,
1.251242E2,,,,2.085098E0,
1.251410E2,,,,2.085098E0,
1.251578E2,,,,2.085098E0,
1.251746E2,,,,2.085098E0,
1.251914E2,,,,2.085098E0,
1.252082E2,,,,2.085098E0,
1.252250E2,,,,2.085098E0,
1.252418E2,,,,2.085098E0,
1.252587E2,,,,2.085098E0,
1.252755E2,,,,2.085098E0,
1.252923E2,,,,2.085098E0,
1.253091E2,,,,2.085098E0,
1.253259E2,,,,2.089671E0,
1.253427E2,,,,2.089671E0,
1.253595E2,,,,2.089671E0,
1.253763E2,,,,2.089671E0,
1.253931E2,,,,2.089671E0,
1.254100E2,,,,2.089671E0,
1.254268E2,,,,2.089671E0,
1.254436E2,,,,2.089671E0,
1.254604E2,,,,2.089671E0,
1.254772E2,,,,2.089671E0,
1.254940E2,,,,2.089671E0,
1.255108E2,,,,2.091386E0,
1.255276E2,,,,2.091386E0,
1.255444E2,,,,2.091386E0,
1.255613E2,,,,2.091386E0,
1.255781E2,,,,2.091386E0,
1.255949E2,,,,2.091386E0,
1.256117E2,,,,2.089671E0,
1.256285E2,,,,2.089671E0,
1.256453E2,,,,2.087956E0,
1.256621E2,,,,2.087956E0,
1.256789E2,,,,2.087956E0,
1.256957E2,,,,2.087956E0,
1.257126E2,,,,2.087956E0,
1.257294E2,,,,2.087956E0,
1.257462E2,,,,2.087956E0,
1.257630E2,,,,2.087956E0,
1.257798E2,,,,2.087956E0,
1.257966E2,,,,2.087956E0,
1.258134E2,,,,2.087956E0,
1.258302E2,,,,2.087956E0,
1.258470E2,,,,2.087956E0,
1.258639E2,,,,2.087956E0,
1.258807E2,,,,2.087956E0,
1.258975E2,,,,2.087956E0,
1.259143E2,,,,2.079383E0,
1.259311E2,,,,2.073667E0,
1.259479E2,,,,2.069095E0,
1.259647E2,,,,2.059379E0,
1.259815E2,,,,2.052520E0,
1.259983E2,,,,2.043375E0,
1.260152E2,,,,2.030801E0,
1.260320E2,,,,2.009654E0,
1.260488E2,,,,1.988507E0,
1.260656E2,,,,1.973646E0,
1.260824E2,,,,1.949641E0,
1.260992E2,,,,1.927351E0,
1.261160E2,,,,1.905060E0,
1.261328E2,,,,1.883913E0,
1.261496E2,,,,1.851906E0,
1.261665E2,,,,1.832473E0,
1.261833E2,,,,1.805039E0,
1.262001E2,,,,1.776462E0,
1.262169E2,,,,1.743883E0,
1.262337E2,,,,1.713020E0,
1.262505E2,,,,1.681013E0,
1.262673E2,,,,1.639290E0,
1.262841E2,,,,1.608426E0,
1.263009E2,,,,1.565560E0,
1.263177E2,,,,1.528409E0,
1.263346E2,,,,1.490115E0,
1.263514E2,,,,1.451821E0,
1.263682E2,,,,1.404383E0,
1.263850E2,,,,1.366089E0,
1.264018E2,,,,1.325509E0,
1.264186E2,,,,1.287787E0,
1.264354E2,,,,1.240348E0,
1.264522E2,,,,1.196910E0,
1.264690E2,,,,1.155759E0,
1.264859E2,,,,1.115179E0,
1.265027E2,,,,1.067740E0,
1.265195E2,,,,1.022016E0,
1.265363E2,,,,9.768635E-1,
1.265531E2,,,,9.305679E-1,
1.265699E2,,,,8.894164E-1,
1.265867E2,,,,8.448355E-1,
1.266035E2,,,,7.956822E-1,
1.266203E2,,,,7.511013E-1,
1.266372E2,,,,7.076635E-1,
1.266540E2,,,,6.590818E-1,
1.266708E2,,,,6.122147E-1,
1.266876E2,,,,5.687769E-1,
1.267044E2,,,,5.184805E-1,
1.267212E2,,,,4.721850E-1,
1.267380E2,,,,4.287472E-1,
1.267548E2,,,,3.807371E-1,
1.267716E2,,,,3.361562E-1,
1.267885E2,,,,2.852882E-1,
1.268053E2,,,,2.355634E-1,
1.268221E2,,,,1.835524E-1,
1.268389E2,,,,1.321129E-1,
1.268557E2,,,,7.953032E-2,
1.268725E2,,,,3.094859E-2,
1.268893E2,,,,,
1.269061E2,,,,,
1.269229E2,,,,,
1.269398E2,,,,,
1.269566E2,,,,,
1.269734E2,,,,,
1.269902E2,,,,,
1.270070E2,,,,,
1.270238E2,,,,,
1.270406E2,,,,,
1.270574E2,,,,,
1.270742E2,,,,,
1.270911E2,,,,,
1.271079E2,,,,,
1.271247E2,,,,,
1.271415E2,,,,,
1.271583E2,,,,,
1.271751E2,,,,,
1.271919E2,,,,,
1.272087E2,,,,,
1.272255E2,,,,,
1.272424E2,,,,,
1.272592E2,,,,,
1.272760E2,,,,,
1.272928E2,,,,,
1.273096E2,,,,,
1.273264E2,,,,,
1.273432E2,,,,,
1.273600E2,,,,,
1.273768E2,,,,,
1.273937E2,,,,,
1.274105E2,,,,,
1.274273E2,,,,,
1.274441E2,,,,,
1.274609E2,,,,,
1.274777E2,,,,,
1.274945E2,,,,,
1.275113E2,,,,,
1.275281E2,,,,,
1.275450E2,,,,,
1.275618E2,,,,,
1.275786E2,,,,,
1.275954E2,,,,,
1.276122E2,,,,,
1.276290E2,,,,,
1.276458E2,,,,,
1.276626E2,,,,,
1.276794E2,,,,,
1.276962E2,,,,,
1.277131E2,,,,,
1.277299E2,,,,,
1.277467E2,,,,,
1.277635E2,,,,,
1.277803E2,,,,,
1.277971E2,,,,,
1.278139E2,,,,,
1.278307E2,,,,,
1.278475E2,,,,,
1.278644E2,,,,,
1.278812E2,,,,,
1.278980E2,,,,,
1.279148E2,,,,,
1.279316E2,,,,,
1.279484E2,,,,,
1.279652E2,,,,,
1.279820E2,,,,,
1.279988E2,,,,,
1.280157E2,,,,,
1.280325E2,,,,,
1.280493E2,,,,,
1.280661E2,,,,,
1.280829E2,,,,,
1.280997E2,,,,,
1.281165E2,,,,,
1.281333E2,,,,,
1.281501E2,,,,,
1.281670E2,,,,,
1.281838E2,,,,,
1.282006E2,,,,,
1.282174E2,,,,,
1.282342E2,,,,,
1.282510E2,,,,,
1.282678E2,,,,,
1.282846E2,,,,,
1.283014E2,,,,,
1.283183E2,,,,,
1.283351E2,,,,,
1.283519E2,,,,,
1.283687E2,,,,,
1.283855E2,,,,,
1.284023E2,,,,,
1.284191E2,,,,,
1.284359E2,,,,,
1.284527E2,,,,,
1.284696E2,,,,,
1.284864E2,,,,,
1.285032E2,,,,,
1.285200E2,,,,,
1.285368E2,,,,,
1.285536E2,,,,,
1.285704E2,,,,,
1.285872E2,,,,,
1.286040E2,,,,,
1.286209E2,,,,,
1.286377E2,,,,,
1.286545E2,,,,,
1.286713E2,,,,,
1.286881E2,,,,,
1.287049E2,,,,,
1.287217E2,,,,,
1.287385E2,,,,,
1.287553E2,,,,,
1.287722E2,,,,,
1.287890E2,,,,,
1.288058E2,,,,,
1.288226E2,,,,,
1.288394E2,,,,,
1.288562E2,,,,,
1.288730E2,,,,,
1.288898E2,,,,,
1.289066E2,,,,,
1.289235E2,,,,,
1.289403E2,,,,,
1.289571E2,,,,,
1.289739E2,,,,,
1.289907E2,,,,,
1.290075E2,,,,,
1.290243E2,,,,,
1.290411E2,,,,,
1.290579E2,,,,,
1.290748E2,,,,,
1.290916E2,,,,,
1.291084E2,,,,,
1.291252E2,,,,,
1.291420E2,,,,,
1.291588E2,,,,,
1.291756E2,,,,,
1.291924E2,,,,,
1.292092E2,,,,,
1.292260E2,,,,,
1.292429E2,,,,,
1.292597E2,,,,,
1.292765E2,,,,,
1.292933E2,,,,,
1.293101E2,,,,,
1.293269E2,,,,,
1.293437E2,,,,,
1.293605E2,,,,,
1.293773E2,,,,,
1.293942E2,,,,,
1.294110E2,,,,,
1.294278E2,,,,,
1.294446E2,,,,,
1.294614E2,,,,,
1.294782E2,,,,,
1.294950E2,,,,,
1.295118E2,,,,,
1.295286E2,,,,,
1.295455E2,,,,,
1.295623E2,,,,,
1.295791E2,,,,,
1.295959E2,,,,,
1.296127E2,,,,,
1.296295E2,,,,,
1.296463E2,,,,,
1.296631E2,,,,,
1.296799E2,,,,,
1.296968E2,,,,,
1.297136E2,,,,,
1.297304E2,,,,,
1.297472E2,,,,,
1.297640E2,,,,,
1.297808E2,,,,,
1.297976E2,,,,,
1.298144E2,,,,,
1.298312E2,,,,,
1.298481E2,,,,,
1.298649E2,,,,,
1.298817E2,,,,,
1.298985E2,,,,,
1.299153E2,,,,,
1.299321E2,,,,,
1.299489E2,,,,,
1.299657E2,,,,,
1.299825E2,,,,,
1.299994E2,,,,,
1.300162E2,,,,,
1.300330E2,,,,,
1.300498E2,,,,,
1.300666E2,,,,,
1.300834E2,,,,,
1.301002E2,,,,,
1.301170E2,,,,,
1.301338E2,,,,,
1.301507E2,,,,,
1.301675E2,,,,,
1.301843E2,,,,,
1.302011E2,,,,,
1.302179E2,,,,,
1.302347E2,,,,,
1.302515E2,,,,,
1.302683E2,,,,,
1.302851E2,,,,,
1.303020E2,,,,,
1.303188E2,,,,,
1.303356E2,,,,,
1.303524E2,,,,,
1.303692E2,,,,,
1.303860E2,,,,,
1.304028E2,,,,,
1.304196E2,,,,,
1.304364E2,,,,,
1.304533E2,,,,,
1.304701E2,,,,,
1.304869E2,,,,,
1.305037E2,,,,,
1.305205E2,,,,,
1.305373E2,,,,,
1.305541E2,,,,,
1.305709E2,,,,,
1.305877E2,,,,,
1.306046E2,,,,,
1.306214E2,,,,,
1.306382E2,,,,,
1.306550E2,,,,,
1.306718E2,,,,,
1.306886E2,,,,,
1.307054E2,,,,,
1.307222E2,,,,,
1.307390E2,,,,,
1.307558E2,,,,,
1.307727E2,,,,,
1.307895E2,,,,,
1.308063E2,,,,,
1.308231E2,,,,,
1.308399E2,,,,,
1.308567E2,,,,,
1.308735E2,,,,,
1.308903E2,,,,,
1.309071E2,,,,,
1.309240E2,,,,,
1.309408E2,,,,,
1.309576E2,,,,,
1.309744E2,,,,,
1.309912E2,,,,,
1.310080E2,,,,,
1.310248E2,,,,,
1.310416E2,,,,,
1.310584E2,,,,,
1.310753E2,,,,,
1.310921E2,,,,,
1.311089E2,,,,,
1.311257E2,,,,,
1.311425E2,,,,,
1.311593E2,,,,,
1.311761E2,,,,,
1.311929E2,,,,,
1.312097E2,,,,,
1.312266E2,,,,,
1.312434E2,,,,,
1.312602E2,,,,,
1.312770E2,,,,,
1.312938E2,,,,,
1.313106E2,,,,,
1.313274E2,,,,,
1.313442E2,,,,,
1.313610E2,,,,,
1.313779E2,,,,,
1.313947E2,,,,,
1.314115E2,,,,,
1.314283E2,,,,,
1.314451E2,,,,,
1.314619E2,,,,,
1.314787E2,,,,,
1.314955E2,,,,,
1.315123E2,,,,,
1.315292E2,,,,,
1.315460E2,,,,,
1.315628E2,,,,,
1.315796E2,,,,,
1.315964E2,,,,,
1.316132E2,,,,,
1.316300E2,,,,,
1.316468E2,,,,,
1.316636E2,,,,,
1.316805E2,,,,,
1.316973E2,,,,,
1.317141E2,,,,,
1.317309E2,,,,,
1.317477E2,,,,,
1.317645E2,,,,,
1.317813E2,,,,,
1.317981E2,,,,,
1.318149E2,,,,,
1.318318E2,,,,,
1.318486E2,,,,,
1.318654E2,,,,,
1.318822E2,,,,,
1.318990E2,,,,,
1.319158E2,,,,,
1.319326E2,,,,,
1.319494E2,,,,,
1.319662E2,,,,,
1.319831E2,,,,,
1.319999E2,,,,,
1.320167E2,,,,,
1.320335E2,,,,,
1.320503E2,,,,,
1.320671E2,,,,,
1.320839E2,,,,,
1.321007E2,,,,,
1.321175E2,,,,,
1.321344E2,,,,,
1.321512E2,,,,,
1.321680E2,,,,,
1.321848E2,,,,,
1.322016E2,,,,,
1.322184E2,,,,,
1.322352E2,,,,,
1.322520E2,,,,,
1.322688E2,,,,,
1.322856E2,,,,,
1.323025E2,,,,,
1.323193E2,,,,,
1.323361E2,,,,,
1.323529E2,,,,,
1.323697E2,,,,,
1.323865E2,,,,,
1.324033E2,,,,,
1.324201E2,,,,,
1.324369E2,,,,,
1.324538E2,,,,,
1.324706E2,,,,,
1.324874E2,,,,,
1.325042E2,,,,,
1.325210E2,,,,,
1.325378E2,,,,,
1.325546E2,,,,,
1.325714E2,,,,,
1.325882E2,,,,,
1.326051E2,,,,,
1.326219E2,,,,,
1.326387E2,,,,,
1.326555E2,,,,,
1.326723E2,,,,,
1.326891E2,,,,,
1.327059E2,,,,,
1.327227E2,,,,,
1.327395E2,,,,,
1.327564E2,,,,,
1.327732E2,,,,,
1.327900E2,,,,,
1.328068E2,,,,,
1.328236E2,,,,,
1.328404E2,,,,,
1.328572E2,,,,,
1.328740E2,,,,,
1.328908E2,,,,,
1.329077E2,,,,,
1.329245E2,,,,,
1.329413E2,,,,,
1.329581E2,,,,,
1.329749E2,,,,,
1.329917E2,,,,,
1.330085E2,,,,,
1.330253E2,,,,,
1.330421E2,,,,,
1.330590E2,,,,,
1.330758E2,,,,,
1.330926E2,,,,,
1.331094E2,,,,,
1.331262E2,,,,,
1.331430E2,,,,,
1.331598E2,,,,,
1.331766E2,,,,,
1.331934E2,,,,,
1.332103E2,,,,,
1.332271E2,,,,,
1.332439E2,,,,,
1.332607E2,,,,,
1.332775E2,,,,,
1.332943E2,,,,,
1.333111E2,,,,,
1.333279E2,,,,,
1.333447E2,,,,,
1.333616E2,,,,,
1.333784E2,,,,,
1.333952E2,,,,,
1.334120E2,,,,,
1.334288E2,,,,,
1.334456E2,,,,,
1.334624E2,,,,,
1.334792E2,,,,,
1.334960E2,,,,,
1.335129E2,,,,,
1.335297E2,,,,,
1.335465E2,,,,,
1.335633E2,,,,,
1.335801E2,,,,,
1.335969E2,,,,,
1.336137E2,,,,,
1.336305E2,,,,,
1.336473E2,,,,,
1.336641E2,,,,,
1.336810E2,,,,,
1.336978E2,,,,,
1.337146E2,,,,,
1.337314E2,,,,,
1.337482E2,,,,,
1.337650E2,,,,,
1.337818E2,,,,,
1.337986E2,,,,,
1.338154E2,,,,,
1.338323E2,,,,,
1.338491E2,,,,,
1.338659E2,,,,,
1.338827E2,,,,,
1.338995E2,,,,,
1.339163E2,,,,,
1.339331E2,,,,,
1.339499E2,,,,,
1.339667E2,,,,,
1.339836E2,,,,,
1.340004E2,,,,,
1.340172E2,,,,,
1.340340E2,,,,,
1.340508E2,,,,,
1.340676E2,,,,,
1.340844E2,,,,,
1.341012E2,,,,,
1.341180E2,,,,,
1.341349E2,,,,,
1.341517E2,,,,,
1.341685E2,,,,,
1.341853E2,,,,,
1.342021E2,,,,,
1.342189E2,,,,,
1.342357E2,,,,,
1.342525E2,,,,,
1.342693E2,,,,,
1.342862E2,,,,,
1.343030E2,,,,,
1.343198E2,,,,,
1.343366E2,,,,,
1.343534E2,,,,,
1.343702E2,,,,,
1.343870E2,,,,,
1.344038E2,,,,,
1.344206E2,,,,,
1.344375E2,,,,,
1.344543E2,,,,,
1.344711E2,,,,,
1.344879E2,,,,,
1.345047E2,,,,,
1.345215E2,,,,,
1.345383E2,,,,,
1.345551E2,,,,,
1.345719E2,,,,,
1.345888E2,,,,,
1.346056E2,,,,,
1.346224E2,,,,,
1.346392E2,,,,,
1.346560E2,,,,,
1.346728E2,,,,,
1.346896E2,,,,,
1.347064E2,,,,,
1.347232E2,,,,,
1.347401E2,,,,,
1.347569E2,,,,,
1.347737E2,,,,,
1.347905E2,,,,,
1.348073E2,,,,,
1.348241E2,,,,,
1.348409E2,,,,,
1.348577E2,,,,,
1.348745E2,,,,,
1.348914E2,,,,,
1.349082E2,,,,,
1.349250E2,,,,,
1.349418E2,,,,,
1.349586E2,,,,,
1.349754E2,,,,,
1.349922E2,,,,,
1.350090E2,,,,,
1.350258E2,,,,,
1.350427E2,,,,,
1.350595E2,,,,,
1.350763E2,,,,,
1.350931E2,,,,,
1.351099E2,,,,,
1.351267E2,,,,,
1.351435E2,,,,,
1.351603E2,,,,,
1.351771E2,,,,,
1.351939E2,,,,,
1.352108E2,,,,,
1.352276E2,,,,,
1.352444E2,,,,,
1.352612E2,,,,,
1.352780E2,,,,,
1.352948E2,,,,,
1.353116E2,,,,,
1.353284E2,,,,,
1.353452E2,,,,,
1.353621E2,,,,,
1.353789E2,,,,,
1.353957E2,,,,,
1.354125E2,,,,,
1.354293E2,,,,,
1.354461E2,,,,,
1.354629E2,,,,,
1.354797E2,,,,,
1.354965E2,,,,,
1.355134E2,,,,,
1.355302E2,,,,,
1.355470E2,,,,,
1.355638E2,,,,,
1.355806E2,,,,,
1.355974E2,,,,,
1.356142E2,,,,,
1.356310E2,,,,,
1.356478E2,,,,,
1.356647E2,,,,,
1.356815E2,,,,,
1.356983E2,,,,,
1.357151E2,,,,,
1.357319E2,,,,,
1.357487E2,,,,,
1.357655E2,,,,,
1.357823E2,,,,,
1.357991E2,,,,,
1.358160E2,,,,,
1.358328E2,,,,,
1.358496E2,,,,,
1.358664E2,,,,,
1.358832E2,,,,,
1.359000E2,,,,,
1.359168E2,,,,,
1.359336E2,,,,,
1.359504E2,,,,,
1.359673E2,,,,,
1.359841E2,,,,,
1.360009E2,,,,,
1.360177E2,,,,,
1.360345E2,,,,,
1.360513E2,,,,,
1.360681E2,,,,,
1.360849E2,,,,,
1.361017E2,,,,,
1.361186E2,,,,,
1.361354E2,,,,,
1.361522E2,,,,,
1.361690E2,,,,,
1.361858E2,,,,,
1.362026E2,,,,,
1.362194E2,,,,,
1.362362E2,,,,,
1.362530E2,,,,,
1.362699E2,,,,,
1.362867E2,,,,,
1.363035E2,,,,,
1.363203E2,,,,,
1.363371E2,,,,,
1.363539E2,,,,,
1.363707E2,,,,,
1.363875E2,,,,,
1.364043E2,,,,,
1.364212E2,,,,,
1.364380E2,,,,,
1.364548E2,,,,,
1.364716E2,,,,,
1.364884E2,,,,,
1.365052E2,,,,,
1.365220E2,,,,,
1.365388E2,,,,,
1.365556E2,,,,,
1.365725E2,,,,,
1.365893E2,,,,,
1.366061E2,,,,,
1.366229E2,,,,,
1.366397E2,,,,,
1.366565E2,,,,,
1.366733E2,,,,,
1.366901E2,,,,,
1.367069E2,,,,,
1.367237E2,,,,,
1.367406E2,,,,,
1.367574E2,,,,,
1.367742E2,,,,,
1.367910E2,,,,,
1.368078E2,,,,,
1.368246E2,,,,,
1.368414E2,,,,,
1.368582E2,,,,,
1.368750E2,,,,,
1.368919E2,,,,,
1.369087E2,,,,,
1.369255E2,,,,,
1.369423E2,,,,,
1.369591E2,,,,,
1.369759E2,,,,,
1.369927E2,,,,,
1.370095E2,,,,,
1.370263E2,,,,,
1.370432E2,,,,,
1.370600E2,,,,,
1.370768E2,,,,,
1.370936E2,,,,,
1.371104E2,,,,,
1.371272E2,,,,,
1.371440E2,,,,,
1.371608E2,,,,,
1.371776E2,,,,,
1.371945E2,,,,,
1.372113E2,,,,,
1.372281E2,,,,,
1.372449E2,,,,,
1.372617E2,,,,,
1.372785E2,,,,,
1.372953E2,,,,,
1.373121E2,,,,,
1.373289E2,,,,,
1.373458E2,,,,,
1.373626E2,,,,,
1.373794E2,,,,,
1.373962E2,,,,,
1.374130E2,,,,,
1.374298E2,,,,,
1.374466E2,,,,,
1.374634E2,,,,,
1.374802E2,,,,,
1.374971E2,,,,,
1.375139E2,,,,,
1.375307E2,,,,,
1.375475E2,,,,,
1.375643E2,,,,,
1.375811E2,,,,,
1.375979E2,,,,,
1.376147E2,,,,,
1.376315E2,,,,,
1.376484E2,,,,,
1.376652E2,,,,,
1.376820E2,,,,,
1.376988E2,,,,,
1.377156E2,,,,,
1.377324E2,,,,,
1.377492E2,,,,,
1.377660E2,,,,,
1.377828E2,,,,,
1.377997E2,,,,,
1.378165E2,,,,,
1.378333E2,,,,,
1.378501E2,,,,,
1.378669E2,,,,,
1.378837E2,,,,,
1.379005E2,,,,,
1.379173E2,,,,,
1.379341E2,,,,,
1.379510E2,,,,,
1.379678E2,,,,,
1.379846E2,,,,,
1.380014E2,,,,,
1.380182E2,,,,,
1.380350E2,,,,,
1.380518E2,,,,,
1.380686E2,,,,,
1.380854E2,,,,,
1.381023E2,,,,,
1.381191E2,,,,,
1.381359E2,,,,,
1.381527E2,,,,,
1.381695E2,,,,,
1.381863E2,,,,,
1.382031E2,,,,,
1.382199E2,,,,,
1.382367E2,,,,,
1.382535E2,,,,,
1.382704E2,,,,,
1.382872E2,,,,,
1.383040E2,,,,,
1.383208E2,,,,,
1.383376E2,,,,,
1.383544E2,,,,,
1.383712E2,,,,,
1.383880E2,,,,,
1.384048E2,,,,,
1.384217E2,,,,,
1.384385E2,,,,,
1.384553E2,,,,,
1.384721E2,,,,,
1.384889E2,,,,,
1.385057E2,,,,,
1.385225E2,,,,,
1.385393E2,,,,,
1.385561E2,,,,,
1.385730E2,,,,,
1.385898E2,,,,,
1.386066E2,,,,,
1.386234E2,,,,,
1.386402E2,,,,,
1.386570E2,,,,,
1.386738E2,,,,,
1.386906E2,,,,,
1.387074E2,,,,,
1.387243E2,,,,,
1.387411E2,,,,,
1.387579E2,,,,,
1.387747E2,,,,,
1.387915E2,,,,,
1.388083E2,,,,,
1.388251E2,,,,,
1.388419E2,,,,,
1.388587E2,,,,,
1.388756E2,,,,,
1.388924E2,,,,,
1.389092E2,,,,,
1.389260E2,,,,,
1.389428E2,,,,,
1.389596E2,,,,,
1.389764E2,,,,,
1.389932E2,,,,,
1.390100E2,,,,,
1.390269E2,,,,,
1.390437E2,,,,,
1.390605E2,,,,,
1.390773E2,,,,,
1.390941E2,,,,,
1.391109E2,,,,,
1.391277E2,,,,,
1.391445E2,,,,,
1.391613E2,,,,,
1.391782E2,,,,,
1.391950E2,,,,,
1.392118E2,,,,,
1.392286E2,,,,,
1.392454E2,,,,,
1.392622E2,,,,,
1.392790E2,,,,,
1.392958E2,,,,,
1.393126E2,,,,,
1.393295E2,,,,,
1.393463E2,,,,,
1.393631E2,,,,,
1.393799E2,,,,,
1.393967E2,,,,,
1.394135E2,,,,,
1.394303E2,,,,,
1.394471E2,,,,,
1.394639E2,,,,,
1.394808E2,,,,,
1.394976E2,,,,,
1.395144E2,,,,,
1.395312E2,,,,,
1.395480E2,,,,,
1.395648E2,,,,,
1.395816E2,,,,,
1.395984E2,,,,,
1.396152E2,,,,,
1.396320E2,,,,,
1.396489E2,,,,,
1.396657E2,,,,,
1.396825E2,,,,,
1.396993E2,,,,,
1.397161E2,,,,,
1.397329E2,,,,,
1.397497E2,,,,,
1.397665E2,,,,,
1.397833E2,,,,,
1.398002E2,,,,,
1.398170E2,,,,,
1.398338E2,,,,,
1.398506E2,,,,,
1.398674E2,,,,,
1.398842E2,,,,,
1.399010E2,,,,,
1.399178E2,,,,,
1.399346E2,,,,,
1.399515E2,,,,,
1.399683E2,,,,,
1.399851E2,,,,,
1.400019E2,,,,,
1.400187E2,,,,,
1.400355E2,,,,,2.112179E0
1.400523E2,,,,,2.111370E0
1.400691E2,,,,,2.111370E0
1.400859E2,,,,,2.111370E0
1.401028E2,,,,,2.102479E0
1.401196E2,,,,,2.091163E0
1.401364E2,,,,,2.079039E0
1.401532E2,,,,,2.070956E0
1.401700E2,,,,,2.062874E0
1.401868E2,,,,,2.046708E0
1.402036E2,,,,,2.029734E0
1.402204E2,,,,,2.008719E0
1.402372E2,,,,,1.987704E0
1.402541E2,,,,,1.969113E0
1.402709E2,,,,,1.951331E0
1.402877E2,,,,,1.930316E0
1.403045E2,,,,,1.906068E0
1.403213E2,,,,,1.879395E0
1.403381E2,,,,,1.852721E0
1.403549E2,,,,,1.825240E0
1.403717E2,,,,,1.788867E0
1.403885E2,,,,,1.748454E0
1.404054E2,,,,,1.721780E0
1.404222E2,,,,,1.694299E0
1.404390E2,,,,,1.650652E0
1.404558E2,,,,,1.615896E0
1.404726E2,,,,,1.581140E0
1.404894E2,,,,,1.547192E0
1.405062E2,,,,,1.507587E0
1.405230E2,,,,,1.470406E0
1.405398E2,,,,,1.432417E0
1.405567E2,,,,,1.399278E0
1.405735E2,,,,,1.353206E0
1.405903E2,,,,,1.313600E0
1.406071E2,,,,,1.275611E0
1.406239E2,,,,,1.235197E0
1.406407E2,,,,,1.200441E0
1.406575E2,,,,,1.154369E0
1.406743E2,,,,,1.109914E0
1.406911E2,,,,,1.072733E0
1.407080E2,,,,,1.029086E0
1.407248E2,,,,,9.862477E-1
1.407416E2,,,,,9.409842E-1
1.407584E2,,,,,8.892544E-1
1.407752E2,,,,,8.553067E-1
1.407920E2,,,,,8.124680E-1
1.408088E2,,,,,7.663962E-1
1.408256E2,,,,,7.219409E-1
1.408424E2,,,,,6.774857E-1
1.408593E2,,,,,6.314138E-1
1.408761E2,,,,,5.813006E-1
1.408929E2,,,,,5.376536E-1
1.409097E2,,,,,5.028977E-1
1.409265E2,,,,,4.641003E-1
1.409433E2,,,,,4.107540E-1
1.409601E2,,,,,3.719567E-1
1.409769E2,,,,,3.202269E-1
1.409937E2,,,,,2.781965E-1
1.410106E2,,,,,2.329329E-1
1.410274E2,,,,,1.925191E-1
1.410442E2,,,,,1.456389E-1
1.410610E2,,,,,1.036085E-1
1.410778E2,,,,,4.541252E-2
1.410946E2,,,,,1.049352E-2
