t,mass A,mass B,mass C,mass D,mass E,
2.470231E0,2.004061E0,,,,
2.487035E0,2.003257E0,,,,
2.503839E0,2.002452E0,,,,
2.520644E0,2.002050E0,,,,
2.537448E0,2.003257E0,,,,
2.554252E0,2.007681E0,,,,
2.571057E0,2.007681E0,,,,
2.587861E0,2.007681E0,,,,
2.604665E0,2.007681E0,,,,
2.621469E0,2.007681E0,,,,
2.638274E0,2.007681E0,,,,
2.655078E0,2.010898E0,,,,
2.671882E0,2.010898E0,,,,
2.688687E0,2.010898E0,,,,
2.705491E0,2.010898E0,,,,
2.722295E0,2.010898E0,,,,
2.739099E0,2.010898E0,,,,
2.755904E0,2.010898E0,,,,
2.772708E0,2.012105E0,,,,
2.789512E0,2.012507E0,,,,
2.806317E0,2.012507E0,,,,
2.823121E0,2.012507E0,,,,
2.839925E0,2.012507E0,,,,
2.856729E0,2.014116E0,,,,
2.873534E0,2.014116E0,,,,
2.890338E0,2.014116E0,,,,
2.907142E0,2.014116E0,,,,
2.923947E0,2.014116E0,,,,
2.940751E0,2.016529E0,,,,
2.957555E0,2.014920E0,,,,
2.974360E0,2.011703E0,,,,
2.991164E0,2.005268E0,,,,
3.007968E0,1.995213E0,,,,
3.024772E0,1.981941E0,,,,
3.041577E0,1.957810E0,,,,
3.058381E0,1.941723E0,,,,
3.075185E0,1.918799E0,,,,
3.091990E0,1.889440E0,,,,
3.108794E0,1.860483E0,,,,
3.125598E0,1.828873E0,,,,
3.142402E0,1.793628E0,,,,
3.159207E0,1.755501E0,,,,
3.176011E0,1.714172E0,,,,
3.192815E0,1.669849E0,,,,
3.209620E0,1.623540E0,,,,
3.226424E0,1.573336E0,,,,
3.243228E0,1.520301E0,,,,
3.260032E0,1.463824E0,,,,
3.276837E0,1.405042E0,,,,
3.293641E0,1.343558E0,,,,
3.310445E0,1.279037E0,,,,
3.327250E0,1.211430E0,,,,
3.344054E0,1.139951E0,,,,
3.360858E0,1.047894E0,,,,
3.377663E0,9.705453E-1,,,,
3.394467E0,8.895835E-1,,,,
3.411271E0,8.059195E-1,,,,
3.428075E0,7.179311E-1,,,,
3.444880E0,6.260454E-1,,,,
3.461684E0,5.320125E-1,,,,
3.478488E0,4.340861E-1,,,,
3.495293E0,3.325550E-1,,,,
3.512097E0,2.294609E-1,,,,
3.528901E0,1.260979E-1,,,,
3.545705E0,2.130577E-2,,,,
3.562510E0,-1.793883E-2,,,,
3.579314E0,6.214863E-3,,,,
3.596118E0,,,,,
3.612923E0,,,,,
3.629727E0,,,,,
3.646531E0,,,,,
3.663335E0,,,,,
3.680140E0,,,,,
3.696944E0,,,,,
3.713748E0,,,,,
3.730553E0,,,,,
3.747357E0,,,,,
3.764161E0,,,,,
3.780965E0,,,,,
3.797770E0,,,,,
3.814574E0,,,,,
3.831378E0,,,,,
3.848183E0,,,,,
3.864987E0,,,,,
3.881791E0,,,,,
3.898596E0,,,,,
3.915400E0,,,,,
3.932204E0,,,,,
3.949008E0,,,,,
3.965813E0,,,,,
3.982617E0,,,,,
3.999421E0,,,,,
4.016226E0,,,,,
4.033030E0,,,,,
4.049834E0,,,,,
4.066638E0,,,,,
4.083443E0,,,,,
4.100247E0,,,,,
4.117051E0,,,,,
4.133856E0,,,,,
4.150660E0,,,,,
4.167464E0,,,,,
4.184268E0,,,,,
4.201073E0,,,,,
4.217877E0,,,,,
4.234681E0,,,,,
4.251486E0,,,,,
4.268290E0,,,,,
4.285094E0,,,,,
4.301899E0,,,,,
4.318703E0,,,,,
4.335507E0,,,,,
4.352311E0,,,,,
4.369116E0,,,,,
4.385920E0,,,,,
4.402724E0,,,,,
4.419529E0,,,,,
4.436333E0,,,,,
4.453137E0,,,,,
4.469941E0,,,,,
4.486746E0,,,,,
4.503550E0,,,,,
4.520354E0,,,,,
4.537159E0,,,,,
4.553963E0,,,,,
4.570767E0,,,,,
4.587571E0,,,,,
4.604376E0,,,,,
4.621180E0,,,,,
4.637984E0,,,,,
4.654789E0,,,,,
4.671593E0,,,,,
4.688397E0,,,,,
4.705201E0,,,,,
4.722006E0,,,,,
4.738810E0,,,,,
4.755614E0,,,,,
4.772419E0,,,,,
4.789223E0,,,,,
4.806027E0,,,,,
4.822832E0,,,,,
4.839636E0,,,,,
4.856440E0,,,,,
4.873244E0,,,,,
4.890049E0,,,,,
4.906853E0,,,,,
4.923657E0,,,,,
4.940462E0,,,,,
4.957266E0,,,,,
4.974070E0,,,,,
4.990874E0,,,,,
5.007679E0,,,,,
5.024483E0,,,,,
5.041287E0,,,,,
5.058092E0,,,,,
5.074896E0,,,,,
5.091700E0,,,,,
5.108504E0,,,,,
5.125309E0,,,,,
5.142113E0,,,,,
5.158917E0,,,,,
5.175722E0,,,,,
5.192526E0,,,,,
5.209330E0,,,,,
5.226135E0,,,,,
5.242939E0,,,,,
5.259743E0,,,,,
5.276547E0,,,,,
5.293352E0,,,,,
5.310156E0,,,,,
5.326960E0,,,,,
5.343765E0,,,,,
5.360569E0,,,,,
5.377373E0,,,,,
5.394177E0,,,,,
5.410982E0,,,,,
5.427786E0,,,,,
5.444590E0,,,,,
5.461395E0,,,,,
5.478199E0,,,,,
5.495003E0,,,,,
5.511807E0,,,,,
5.528612E0,,,,,
5.545416E0,,,,,
5.562220E0,,,,,
5.579025E0,,,,,
5.595829E0,,,,,
5.612633E0,,,,,
5.629438E0,,,,,
5.646242E0,,,,,
5.663046E0,,,,,
5.679850E0,,,,,
5.696655E0,,,,,
5.713459E0,,,,,
5.730263E0,,,,,
5.747068E0,,,,,
5.763872E0,,,,,
5.780676E0,,,,,
5.797480E0,,,,,
5.814285E0,,,,,
5.831089E0,,,,,
5.847893E0,,,,,
5.864698E0,,,,,
5.881502E0,,,,,
5.898306E0,,,,,
5.915110E0,,,,,
5.931915E0,,,,,
5.948719E0,,,,,
5.965523E0,,,,,
5.982328E0,,,,,
5.999132E0,,,,,
6.015936E0,,,,,
6.032740E0,,,,,
6.049545E0,,,,,
6.066349E0,,,,,
6.083153E0,,,,,
6.099958E0,,,,,
6.116762E0,,,,,
6.133566E0,,,,,
6.150371E0,,,,,
6.167175E0,,,,,
6.183979E0,,,,,
6.200783E0,,,,,
6.217588E0,,,,,
6.234392E0,,,,,
6.251196E0,,,,,
6.268001E0,,,,,
6.284805E0,,,,,
6.301609E0,,,,,
6.318413E0,,,,,
6.335218E0,,,,,
6.352022E0,,,,,
6.368826E0,,,,,
6.385631E0,,,,,
6.402435E0,,,,,
6.419239E0,,,,,
6.436043E0,,,,,
6.452848E0,,,,,
6.469652E0,,,,,
6.486456E0,,,,,
6.503261E0,,,,,
6.520065E0,,,,,
6.536869E0,,,,,
6.553674E0,,,,,
6.570478E0,,,,,
6.587282E0,,,,,
6.604086E0,,,,,
6.620891E0,,,,,
6.637695E0,,,,,
6.654499E0,,,,,
6.671304E0,,,,,
6.688108E0,,,,,
6.704912E0,,,,,
6.721716E0,,,,,
6.738521E0,,,,,
6.755325E0,,,,,
6.772129E0,,,,,
6.788934E0,,,,,
6.805738E0,,,,,
6.822542E0,,,,,
6.839346E0,,,,,
6.856151E0,,,,,
6.872955E0,,,,,
6.889759E0,,,,,
6.906564E0,,,,,
6.923368E0,,,,,
6.940172E0,,,,,
6.956976E0,,,,,
6.973781E0,,,,,
6.990585E0,,,,,
7.007389E0,,,,,
7.024194E0,,,,,
7.040998E0,,,,,
7.057802E0,,,,,
7.074607E0,,,,,
7.091411E0,,,,,
7.108215E0,,,,,
7.125019E0,,,,,
7.141824E0,,,,,
7.158628E0,,,,,
7.175432E0,,,,,
7.192237E0,,,,,
7.209041E0,,,,,
7.225845E0,,,,,
7.242649E0,,,,,
7.259454E0,,,,,
7.276258E0,,,,,
7.293062E0,,,,,
7.309867E0,,,,,
7.326671E0,,,,,
7.343475E0,,,,,
7.360279E0,,,,,
7.377084E0,,,,,
7.393888E0,,,,,
7.410692E0,,,,,
7.427497E0,,,,,
7.444301E0,,,,,
7.461105E0,,,,,
7.477910E0,,,,,
7.494714E0,,,,,
7.511518E0,,,,,
7.528322E0,,,,,
7.545127E0,,,,,
7.561931E0,,,,,
7.578735E0,,,,,
7.595540E0,,,,,
7.612344E0,,,,,
7.629148E0,,,,,
7.645952E0,,,,,
7.662757E0,,,,,
7.679561E0,,,,,
7.696365E0,,,,,
7.713170E0,,,,,
7.729974E0,,,,,
7.746778E0,,,,,
7.763582E0,,,,,
7.780387E0,,,,,
7.797191E0,,,,,
7.813995E0,,,,,
7.830800E0,,,,,
7.847604E0,,,,,
7.864408E0,,,,,
7.881213E0,,,,,
7.898017E0,,,,,
7.914821E0,,,,,
7.931625E0,,,,,
7.948430E0,,,,,
7.965234E0,,,,,
7.982038E0,,,,,
7.998843E0,,,,,
8.015647E0,,,,,
8.032451E0,,,,,
8.049255E0,,,,,
8.066060E0,,,,,
8.082864E0,,,,,
8.099668E0,,,,,
8.116473E0,,,,,
8.133277E0,,,,,
8.150081E0,,,,,
8.166885E0,,,,,
8.183690E0,,,,,
8.200494E0,,,,,
8.217298E0,,,,,
8.234103E0,,,,,
8.250907E0,,,,,
8.267711E0,,,,,
8.284515E0,,,,,
8.301320E0,,,,,
8.318124E0,,,,,
8.334928E0,,,,,
8.351733E0,,,,,
8.368537E0,,,,,
8.385341E0,,,,,
8.402146E0,,,,,
8.418950E0,,,,,
8.435754E0,,,,,
8.452558E0,,,,,
8.469363E0,,,,,
8.486167E0,,,,,
8.502971E0,,,,,
8.519776E0,,,,,
8.536580E0,,,,,
8.553384E0,,,,,
8.570188E0,,,,,
8.586993E0,,,,,
8.603797E0,,,,,
8.620601E0,,,,,
8.637406E0,,,,,
8.654210E0,,,,,
8.671014E0,,,,,
8.687818E0,,,,,
8.704623E0,,,,,
8.721427E0,,,,,
8.738231E0,,,,,
8.755036E0,,,,,
8.771840E0,,,,,
8.788644E0,,,,,
8.805449E0,,,,,
8.822253E0,,,,,
8.839057E0,,,,,
8.855861E0,,,,,
8.872666E0,,,,,
8.889470E0,,,,,
8.906274E0,,,,,
8.923079E0,,,,,
8.939883E0,,,,,
8.956687E0,,,,,
8.973491E0,,,,,
8.990296E0,,,,,
9.007100E0,,,,,
9.023904E0,,,,,
9.040709E0,,,,,
9.057513E0,,,,,
9.074317E0,,,,,
9.091121E0,,,,,
9.107926E0,,,,,
9.124730E0,,,,,
9.141534E0,,,,,
9.158339E0,,,,,
9.175143E0,,,,,
9.191947E0,,,,,
9.208752E0,,,,,
9.225556E0,,,,,
9.242360E0,,,,,
9.259164E0,,,,,
9.275969E0,,,,,
9.292773E0,,,,,
9.309577E0,,,,,
9.326382E0,,,,,
9.343186E0,,,,,
9.359990E0,,,,,
9.376794E0,,,,,
9.393599E0,,,,,
9.410403E0,,,,,
9.427207E0,,,,,
9.444012E0,,,,,
9.460816E0,,,,,
9.477620E0,,,,,
9.494424E0,,,,,
9.511229E0,,,,,
9.528033E0,,,,,
9.544837E0,,,,,
9.561642E0,,,,,
9.578446E0,,,,,
9.595250E0,,,,,
9.612054E0,,,,,
9.628859E0,,,,,
9.645663E0,,,,,
9.662467E0,,,,,
9.679272E0,,,,,
9.696076E0,,,,,
9.712880E0,,,,,
9.729685E0,,,,,
9.746489E0,,,,,
9.763293E0,,,,,
9.780097E0,,,,,
9.796902E0,,,,,
9.813706E0,,,,,
9.830510E0,,,,,
9.847315E0,,,,,
9.864119E0,,,,,
9.880923E0,,,,,
9.897727E0,,,,,
9.914532E0,,,,,
9.931336E0,,,,,
9.948140E0,,,,,
9.964945E0,,,,,
9.981749E0,,,,,
9.998553E0,,,,,
1.001536E1,,,,,
1.003216E1,,,,,
1.004897E1,,,,,
1.006577E1,,,,,
1.008257E1,,,,,
1.009938E1,,,,,
1.011618E1,,,,,
1.013299E1,,,,,
1.014979E1,,,,,
1.016660E1,,,,,
1.018340E1,,,,,
1.020020E1,,,,,
1.021701E1,,,,,
1.023381E1,,,,,
1.025062E1,,,,,
1.026742E1,,,,,
1.028423E1,,,,,
1.030103E1,,,,,
1.031783E1,,,,,
1.033464E1,,,,,
1.035144E1,,,,,
1.036825E1,,,,,
1.038505E1,,,,,
1.040186E1,,,,,
1.041866E1,,,,,
1.043546E1,,,,,
1.045227E1,,,,,
1.046907E1,,,,,
1.048588E1,,,,,
1.050268E1,,,,,
1.051949E1,,,,,
1.053629E1,,,,,
1.055309E1,,,,,
1.056990E1,,,,,
1.058670E1,,,,,
1.060351E1,,,,,
1.062031E1,,,,,
1.063712E1,,,,,
1.065392E1,,,,,
1.067072E1,,,,,
1.068753E1,,,,,
1.070433E1,,,,,
1.072114E1,,,,,
1.073794E1,,,,,
1.075475E1,,,,,
1.077155E1,,,,,
1.078835E1,,,,,
1.080516E1,,,,,
1.082196E1,,,,,
1.083877E1,,,,,
1.085557E1,,,,,
1.087238E1,,,,,
1.088918E1,,,,,
1.090598E1,,,,,
1.092279E1,,,,,
1.093959E1,,,,,
1.095640E1,,,,,
1.097320E1,,,,,
1.099001E1,,,,,
1.100681E1,,,,,
1.102361E1,,,,,
1.104042E1,,,,,
1.105722E1,,,,,
1.107403E1,,,,,
1.109083E1,,,,,
1.110764E1,,,,,
1.112444E1,,,,,
1.114124E1,,,,,
1.115805E1,,,,,
1.117485E1,,,,,
1.119166E1,,,,,
1.120846E1,,,,,
1.122527E1,,,,,
1.124207E1,,,,,
1.125888E1,,,,,
1.127568E1,,,,,
1.129248E1,,,,,
1.130929E1,,,,,
1.132609E1,,,,,
1.134290E1,,,,,
1.135970E1,,,,,
1.137651E1,,,,,
1.139331E1,,,,,
1.141011E1,,,,,
1.142692E1,,,,,
1.144372E1,,,,,
1.146053E1,,,,,
1.147733E1,,,,,
1.149414E1,,,,,
1.151094E1,,,,,
1.152774E1,,,,,
1.154455E1,,,,,
1.156135E1,,,,,
1.157816E1,,,,,
1.159496E1,,,,,
1.161177E1,,,,,
1.162857E1,,,,,
1.164537E1,,,,,
1.166218E1,,,,,
1.167898E1,,,,,
1.169579E1,,,,,
1.171259E1,,,,,
1.172940E1,,,,,
1.174620E1,,,,,
1.176300E1,,,,,
1.177981E1,,,,,
1.179661E1,,,,,
1.181342E1,,,,,
1.183022E1,,,,,
1.184703E1,,,,,
1.186383E1,,,,,
1.188063E1,,,,,
1.189744E1,,,,,
1.191424E1,,,,,
1.193105E1,,,,,
1.194785E1,,,,,
1.196466E1,,,,,
1.198146E1,,,,,
1.199826E1,,,,,
1.201507E1,,,,,
1.203187E1,,,,,
1.204868E1,,,,,
1.206548E1,,,,,
1.208229E1,,,,,
1.209909E1,,,,,
1.211589E1,,,,,
1.213270E1,,,,,
1.214950E1,,,,,
1.216631E1,,,,,
1.218311E1,,,,,
1.219992E1,,,,,
1.221672E1,,,,,
1.223352E1,,,,,
1.225033E1,,,,,
1.226713E1,,,,,
1.228394E1,,,,,
1.230074E1,,,,,
1.231755E1,,,,,
1.233435E1,,,,,
1.235115E1,,,,,
1.236796E1,,,,,
1.238476E1,,,,,
1.240157E1,,,,,
1.241837E1,,,,,
1.243518E1,,,,,
1.245198E1,,,,,
1.246878E1,,,,,
1.248559E1,,,,,
1.250239E1,,,,,
1.251920E1,,,,,
1.253600E1,,,,,
1.255281E1,,,,,
1.256961E1,,,,,
1.258641E1,,,,,
1.260322E1,,,,,
1.262002E1,,,,,
1.263683E1,,,,,
1.265363E1,,,,,
1.267044E1,,,,,
1.268724E1,,,,,
1.270404E1,,,,,
1.272085E1,,,,,
1.273765E1,,,,,
1.275446E1,,,,,
1.277126E1,,,,,
1.278807E1,,,,,
1.280487E1,,,,,
1.282167E1,,,,,
1.283848E1,,,,,
1.285528E1,,,,,
1.287209E1,,,,,
1.288889E1,,,,,
1.290570E1,,,,,
1.292250E1,,,,,
1.293930E1,,,,,
1.295611E1,,,,,
1.297291E1,,,,,
1.298972E1,,,,,
1.300652E1,,,,,
1.302333E1,,,,,
1.304013E1,,,,,
1.305693E1,,,,,
1.307374E1,,,,,
1.309054E1,,,,,
1.310735E1,,,,,
1.312415E1,,,,,
1.314096E1,,,,,
1.315776E1,,,,,
1.317456E1,,,,,
1.319137E1,,,,,
1.320817E1,,,,,
1.322498E1,,,,,
1.324178E1,,,,,
1.325859E1,,,,,
1.327539E1,,,,,
1.329219E1,,,,,
1.330900E1,,,,,
1.332580E1,,,,,
1.334261E1,,,,,
1.335941E1,,,,,
1.337622E1,,,,,
1.339302E1,,,,,
1.340982E1,,,,,
1.342663E1,,,,,
1.344343E1,,,,,
1.346024E1,,,,,
1.347704E1,,,,,
1.349385E1,,,,,
1.351065E1,,,,,
1.352745E1,,,,,
1.354426E1,,,,,
1.356106E1,,,,,
1.357787E1,,,,,
1.359467E1,,,,,
1.361148E1,,,,,
1.362828E1,,,,,
1.364508E1,,,,,
1.366189E1,,,,,
1.367869E1,,,,,
1.369550E1,,,,,
1.371230E1,,,,,
1.372911E1,,,,,
1.374591E1,,,,,
1.376271E1,,,,,
1.377952E1,,,,,
1.379632E1,,,,,
1.381313E1,,,,,
1.382993E1,,,,,
1.384674E1,,,,,
1.386354E1,,,,,
1.388034E1,,,,,
1.389715E1,,,,,
1.391395E1,,,,,
1.393076E1,,,,,
1.394756E1,,,,,
1.396437E1,,,,,
1.398117E1,,,,,
1.399797E1,,,,,
1.401478E1,,,,,
1.403158E1,,,,,
1.404839E1,,,,,
1.406519E1,,,,,
1.408200E1,,,,,
1.409880E1,,,,,
1.411560E1,,,,,
1.413241E1,,,,,
1.414921E1,,,,,
1.416602E1,,,,,
1.418282E1,,,,,
1.419963E1,,,,,
1.421643E1,,,,,
1.423323E1,,,,,
1.425004E1,,,,,
1.426684E1,,,,,
1.428365E1,,,,,
1.430045E1,,,,,
1.431726E1,,,,,
1.433406E1,,,,,
1.435086E1,,,,,
1.436767E1,,,,,
1.438447E1,,,,,
1.440128E1,,,,,
1.441808E1,,,,,
1.443489E1,,,,,
1.445169E1,,,,,
1.446849E1,,,,,
1.448530E1,,,,,
1.450210E1,,,,,
1.451891E1,,,,,
1.453571E1,,,,,
1.455252E1,,,,,
1.456932E1,,,,,
1.458612E1,,,,,
1.460293E1,,,,,
1.461973E1,,,,,
1.463654E1,,,,,
1.465334E1,,,,,
1.467015E1,,,,,
1.468695E1,,,,,
1.470375E1,,,,,
1.472056E1,,,,,
1.473736E1,,,,,
1.475417E1,,,,,
1.477097E1,,,,,
1.478778E1,,,,,
1.480458E1,,,,,
1.482138E1,,,,,
1.483819E1,,,,,
1.485499E1,,,,,
1.487180E1,,,,,
1.488860E1,,,,,
1.490541E1,,,,,
1.492221E1,,,,,
1.493901E1,,,,,
1.495582E1,,,,,
1.497262E1,,,,,
1.498943E1,,,,,
1.500623E1,,,,,
1.502304E1,,,,,
1.503984E1,,,,,
1.505664E1,,,,,
1.507345E1,,,,,
1.509025E1,,,,,
1.510706E1,,,,,
1.512386E1,,,,,
1.514067E1,,,,,
1.515747E1,,,,,
1.517427E1,,,,,
1.519108E1,,,,,
1.520788E1,,,,,
1.522469E1,,,,,
1.524149E1,,,,,
1.525830E1,,,,,
1.527510E1,,,,,
1.529190E1,,,,,
1.530871E1,,,,,
1.532551E1,,,,,
1.534232E1,,,,,
1.535912E1,,,,,
1.537593E1,,,,,
1.539273E1,,,,,
1.540953E1,,,,,
1.542634E1,,,,,
1.544314E1,,,,,
1.545995E1,,,,,
1.547675E1,,,,,
1.549356E1,,,,,
1.551036E1,,,,,
1.552716E1,,,,,
1.554397E1,,,,,
1.556077E1,,,,,
1.557758E1,,,,,
1.559438E1,,,,,
1.561119E1,,,,,
1.562799E1,,,,,
1.564479E1,,,,,
1.566160E1,,,,,
1.567840E1,,,,,
1.569521E1,,,,,
1.571201E1,,,,,
1.572882E1,,,,,
1.574562E1,,,,,
1.576243E1,,,,,
1.577923E1,,,,,
1.579603E1,,,,,
1.581284E1,,,,,
1.582964E1,,,,,
1.584645E1,,,,,
1.586325E1,,,,,
1.588006E1,,,,,
1.589686E1,,,,,
1.591366E1,,,,,
1.593047E1,,,,,
1.594727E1,,,,,
1.596408E1,,,,,
1.598088E1,,,,,
1.599769E1,,,,,
1.601449E1,,,,,
1.603129E1,,,,,
1.604810E1,,,,,
1.606490E1,,,,,
1.608171E1,,,,,
1.609851E1,,2.017234E0,,,
1.611532E1,,2.016665E0,,,
1.613212E1,,2.016665E0,,,
1.614892E1,,2.016665E0,,,
1.616573E1,,2.016665E0,,,
1.618253E1,,2.016665E0,,,
1.619934E1,,2.016665E0,,,
1.621614E1,,1.996189E0,,,
1.623295E1,,1.991639E0,,,
1.624975E1,,1.974007E0,,,
1.626655E1,,1.958081E0,,,
1.628336E1,,1.936467E0,,,
1.630016E1,,1.910303E0,,,
1.631697E1,,1.882433E0,,,
1.633377E1,,1.852598E0,,,
1.635058E1,,1.819354E0,,,
1.636738E1,,1.782600E0,,,
1.638418E1,,1.742960E0,,,
1.640099E1,,1.700341E0,,,
1.641779E1,,1.654577E0,,,
1.643460E1,,1.605493E0,,,
1.645140E1,,1.553270E0,,,
1.646821E1,,1.497448E0,,,
1.648501E1,,1.438332E0,,,
1.650181E1,,1.376356E0,,,
1.651862E1,,1.286507E0,,,
1.653542E1,,1.218877E0,,,
1.655223E1,,1.148729E0,,,
1.656903E1,,1.075580E0,,,
1.658584E1,,9.999391E-1,,,
1.660264E1,,9.210873E-1,,,
1.661944E1,,8.396527E-1,,,
1.663625E1,,7.556088E-1,,,
1.665305E1,,6.683112E-1,,,
1.666986E1,,5.774748E-1,,,
1.668666E1,,4.838811E-1,,,
1.670347E1,,3.866849E-1,,,
1.672027E1,,2.848593E-1,,,
1.673707E1,,1.811436E-1,,,
1.675388E1,,7.672229E-2,,,
1.677068E1,,-1.118724E-2,,,
1.678749E1,,4.137325E-3,,,
1.680429E1,,4.727845E-2,,,
1.682110E1,,,,,
1.683790E1,,,,,
1.685470E1,,,,,
1.687151E1,,,,,
1.688831E1,,,,,
1.690512E1,,,,,
1.692192E1,,,,,
1.693873E1,,,,,
1.695553E1,,,,,
1.697233E1,,,,,
1.698914E1,,,,,
1.700594E1,,,,,
1.702275E1,,,,,
1.703955E1,,,,,
1.705636E1,,,,,
1.707316E1,,,,,
1.708996E1,,,,,
1.710677E1,,,,,
1.712357E1,,,,,
1.714038E1,,,,,
1.715718E1,,,,,
1.717399E1,,,,,
1.719079E1,,,,,
1.720759E1,,,,,
1.722440E1,,,,,
1.724120E1,,,,,
1.725801E1,,,,,
1.727481E1,,,,,
1.729162E1,,,,,
1.730842E1,,,,,
1.732522E1,,,,,
1.734203E1,,,,,
1.735883E1,,,,,
1.737564E1,,,,,
1.739244E1,,,,,
1.740925E1,,,,,
1.742605E1,,,,,
1.744285E1,,,,,
1.745966E1,,,,,
1.747646E1,,,,,
1.749327E1,,,,,
1.751007E1,,,,,
1.752688E1,,,,,
1.754368E1,,,,,
1.756048E1,,,,,
1.757729E1,,,,,
1.759409E1,,,,,
1.761090E1,,,,,
1.762770E1,,,,,
1.764451E1,,,,,
1.766131E1,,,,,
1.767811E1,,,,,
1.769492E1,,,,,
1.771172E1,,,,,
1.772853E1,,,,,
1.774533E1,,,,,
1.776214E1,,,,,
1.777894E1,,,,,
1.779574E1,,,,,
1.781255E1,,,,,
1.782935E1,,,,,
1.784616E1,,,,,
1.786296E1,,,,,
1.787977E1,,,,,
1.789657E1,,,,,
1.791337E1,,,,,
1.793018E1,,,,,
1.794698E1,,,,,
1.796379E1,,,,,
1.798059E1,,,,,
1.799740E1,,,,,
1.801420E1,,,,,
1.803100E1,,,,,
1.804781E1,,,,,
1.806461E1,,,,,
1.808142E1,,,,,
1.809822E1,,,,,
1.811503E1,,,,,
1.813183E1,,,,,
1.814863E1,,,,,
1.816544E1,,,,,
1.818224E1,,,,,
1.819905E1,,,,,
1.821585E1,,,,,
1.823266E1,,,,,
1.824946E1,,,,,
1.826626E1,,,,,
1.828307E1,,,,,
1.829987E1,,,,,
1.831668E1,,,,,
1.833348E1,,,,,
1.835029E1,,,,,
1.836709E1,,,,,
1.838389E1,,,,,
1.840070E1,,,,,
1.841750E1,,,,,
1.843431E1,,,,,
1.845111E1,,,,,
1.846792E1,,,,,
1.848472E1,,,,,
1.850152E1,,,,,
1.851833E1,,,,,
1.853513E1,,,,,
1.855194E1,,,,,
1.856874E1,,,,,
1.858555E1,,,,,
1.860235E1,,,,,
1.861915E1,,,,,
1.863596E1,,,,,
1.865276E1,,,,,
1.866957E1,,,,,
1.868637E1,,,,,
1.870318E1,,,,,
1.871998E1,,,,,
1.873678E1,,,,,
1.875359E1,,,,,
1.877039E1,,,,,
1.878720E1,,,,,
1.880400E1,,,,,
1.882081E1,,,,,
1.883761E1,,,,,
1.885441E1,,,,,
1.887122E1,,,,,
1.888802E1,,,,,
1.890483E1,,,,,
1.892163E1,,,,,
1.893844E1,,,,,
1.895524E1,,,,,
1.897204E1,,,,,
1.898885E1,,,,,
1.900565E1,,,,,
1.902246E1,,,,,
1.903926E1,,,,,
1.905607E1,,,,,
1.907287E1,,,,,
1.908967E1,,,,,
1.910648E1,,,,,
1.912328E1,,,,,
1.914009E1,,,,,
1.915689E1,,,,,
1.917370E1,,,,,
1.919050E1,,,,,
1.920730E1,,,,,
1.922411E1,,,,,
1.924091E1,,,,,
1.925772E1,,,,,
1.927452E1,,,,,
1.929133E1,,,,,
1.930813E1,,,,,
1.932493E1,,,,,
1.934174E1,,,,,
1.935854E1,,,,,
1.937535E1,,,,,
1.939215E1,,,,,
1.940896E1,,,,,
1.942576E1,,,,,
1.944256E1,,,,,
1.945937E1,,,,,
1.947617E1,,,,,
1.949298E1,,,,,
1.950978E1,,,,,
1.952659E1,,,,,
1.954339E1,,,,,
1.956019E1,,,,,
1.957700E1,,,,,
1.959380E1,,,,,
1.961061E1,,,,,
1.962741E1,,,,,
1.964422E1,,,,,
1.966102E1,,,,,
1.967782E1,,,,,
1.969463E1,,,,,
1.971143E1,,,,,
1.972824E1,,,,,
1.974504E1,,,,,
1.976185E1,,,,,
1.977865E1,,,,,
1.979545E1,,,,,
1.981226E1,,,,,
1.982906E1,,,,,
1.984587E1,,,,,
1.986267E1,,,,,
1.987948E1,,,,,
1.989628E1,,,,,
1.991308E1,,,,,
1.992989E1,,,,,
1.994669E1,,,,,
1.996350E1,,,,,
1.998030E1,,,,,
1.999711E1,,,,,
2.001391E1,,,,,
2.003071E1,,,,,
2.004752E1,,,,,
2.006432E1,,,,,
2.008113E1,,,,,
2.009793E1,,,,,
2.011474E1,,,,,
2.013154E1,,,,,
2.014834E1,,,,,
2.016515E1,,,,,
2.018195E1,,,,,
2.019876E1,,,,,
2.021556E1,,,,,
2.023237E1,,,,,
2.024917E1,,,,,
2.026598E1,,,,,
2.028278E1,,,,,
2.029958E1,,,,,
2.031639E1,,,,,
2.033319E1,,,,,
2.035000E1,,,,,
2.036680E1,,,,,
2.038361E1,,,,,
2.040041E1,,,,,
2.041721E1,,,,,
2.043402E1,,,,,
2.045082E1,,,,,
2.046763E1,,,,,
2.048443E1,,,,,
2.050124E1,,,,,
2.051804E1,,,,,
2.053484E1,,,,,
2.055165E1,,,,,
2.056845E1,,,,,
2.058526E1,,,,,
2.060206E1,,,,,
2.061887E1,,,,,
2.063567E1,,,,,
2.065247E1,,,,,
2.066928E1,,,,,
2.068608E1,,,,,
2.070289E1,,,,,
2.071969E1,,,,,
2.073650E1,,,,,
2.075330E1,,,,,
2.077010E1,,,,,
2.078691E1,,,,,
2.080371E1,,,,,
2.082052E1,,,,,
2.083732E1,,,,,
2.085413E1,,,,,
2.087093E1,,,,,
2.088773E1,,,,,
2.090454E1,,,,,
2.092134E1,,,,,
2.093815E1,,,,,
2.095495E1,,,,,
2.097176E1,,,,,
2.098856E1,,,,,
2.100536E1,,,,,
2.102217E1,,,,,
2.103897E1,,,,,
2.105578E1,,,,,
2.107258E1,,,,,
2.108939E1,,,,,
2.110619E1,,,,,
2.112299E1,,,,,
2.113980E1,,,,,
2.115660E1,,,,,
2.117341E1,,,,,
2.119021E1,,,,,
2.120702E1,,,,,
2.122382E1,,,,,
2.124062E1,,,,,
2.125743E1,,,,,
2.127423E1,,,,,
2.129104E1,,,,,
2.130784E1,,,,,
2.132465E1,,,,,
2.134145E1,,,,,
2.135825E1,,,,,
2.137506E1,,,,,
2.139186E1,,,,,
2.140867E1,,,,,
2.142547E1,,,,,
2.144228E1,,,,,
2.145908E1,,,,,
2.147588E1,,,,,
2.149269E1,,,,,
2.150949E1,,,,,
2.152630E1,,,,,
2.154310E1,,,,,
2.155991E1,,,,,
2.157671E1,,,,,
2.159351E1,,,,,
2.161032E1,,,,,
2.162712E1,,,,,
2.164393E1,,,,,
2.166073E1,,,,,
2.167754E1,,,,,
2.169434E1,,,,,
2.171114E1,,,,,
2.172795E1,,,,,
2.174475E1,,,,,
2.176156E1,,,,,
2.177836E1,,,,,
2.179517E1,,,,,
2.181197E1,,,,,
2.182877E1,,,,,
2.184558E1,,,,,
2.186238E1,,,,,
2.187919E1,,,,,
2.189599E1,,,,,
2.191280E1,,,,,
2.192960E1,,,,,
2.194640E1,,,,,
2.196321E1,,,,,
2.198001E1,,,,,
2.199682E1,,,,,
2.201362E1,,,,,
2.203043E1,,,,,
2.204723E1,,,,,
2.206403E1,,,,,
2.208084E1,,,,,
2.209764E1,,,,,
2.211445E1,,,,,
2.213125E1,,,,,
2.214806E1,,,,,
2.216486E1,,,,,
2.218166E1,,,,,
2.219847E1,,,,,
2.221527E1,,,,,
2.223208E1,,,,,
2.224888E1,,,,,
2.226569E1,,,,,
2.228249E1,,,,,
2.229929E1,,,,,
2.231610E1,,,,,
2.233290E1,,,,,
2.234971E1,,,,,
2.236651E1,,,,,
2.238332E1,,,,,
2.240012E1,,,,,
2.241692E1,,,,,
2.243373E1,,,,,
2.245053E1,,,,,
2.246734E1,,,,,
2.248414E1,,,,,
2.250095E1,,,,,
2.251775E1,,,,,
2.253455E1,,,,,
2.255136E1,,,,,
2.256816E1,,,,,
2.258497E1,,,,,
2.260177E1,,,,,
2.261858E1,,,,,
2.263538E1,,,,,
2.265218E1,,,,,
2.266899E1,,,,,
2.268579E1,,,,,
2.270260E1,,,,,
2.271940E1,,,,,
2.273621E1,,,,,
2.275301E1,,,,,
2.276981E1,,,,,
2.278662E1,,,,,
2.280342E1,,,,,
2.282023E1,,,,,
2.283703E1,,,,,
2.285384E1,,,,,
2.287064E1,,,,,
2.288744E1,,,,,
2.290425E1,,,,,
2.292105E1,,,,,
2.293786E1,,,,,
2.295466E1,,,,,
2.297147E1,,,,,
2.298827E1,,,,,
2.300507E1,,,,,
2.302188E1,,,,,
2.303868E1,,,,,
2.305549E1,,,,,
2.307229E1,,,,,
2.308910E1,,,,,
2.310590E1,,,,,
2.312270E1,,,,,
2.313951E1,,,,,
2.315631E1,,,,,
2.317312E1,,,,,
2.318992E1,,,,,
2.320673E1,,,,,
2.322353E1,,,,,
2.324033E1,,,,,
2.325714E1,,,,,
2.327394E1,,,,,
2.329075E1,,,,,
2.330755E1,,,,,
2.332436E1,,,,,
2.334116E1,,,,,
2.335796E1,,,,,
2.337477E1,,,,,
2.339157E1,,,,,
2.340838E1,,,,,
2.342518E1,,,,,
2.344199E1,,,,,
2.345879E1,,,,,
2.347559E1,,,,,
2.349240E1,,,,,
2.350920E1,,,,,
2.352601E1,,,,,
2.354281E1,,,,,
2.355962E1,,,,,
2.357642E1,,,,,
2.359322E1,,,,,
2.361003E1,,,,,
2.362683E1,,,,,
2.364364E1,,,,,
2.366044E1,,,,,
2.367725E1,,,,,
2.369405E1,,,,,
2.371085E1,,,,,
2.372766E1,,,,,
2.374446E1,,,,,
2.376127E1,,,,,
2.377807E1,,,,,
2.379488E1,,,,,
2.381168E1,,,,,
2.382848E1,,,,,
2.384529E1,,,,,
2.386209E1,,,,,
2.387890E1,,,,,
2.389570E1,,,,,
2.391251E1,,,,,
2.392931E1,,,,,
2.394611E1,,,,,
2.396292E1,,,,,
2.397972E1,,,,,
2.399653E1,,,,,
2.401333E1,,,,,
2.403014E1,,,,,
2.404694E1,,,,,
2.406374E1,,,,,
2.408055E1,,,,,
2.409735E1,,,,,
2.411416E1,,,,,
2.413096E1,,,,,
2.414777E1,,,,,
2.416457E1,,,,,
2.418137E1,,,,,
2.419818E1,,,,,
2.421498E1,,,,,
2.423179E1,,,,,
2.424859E1,,,,,
2.426540E1,,,,,
2.428220E1,,,,,
2.429900E1,,,,,
2.431581E1,,,,,
2.433261E1,,,,,
2.434942E1,,,,,
2.436622E1,,,,,
2.438303E1,,,,,
2.439983E1,,,,,
2.441663E1,,,,,
2.443344E1,,,,,
2.445024E1,,,,,
2.446705E1,,,,,
2.448385E1,,,,,
2.450066E1,,,,,
2.451746E1,,,,,
2.453426E1,,,,,
2.455107E1,,,,,
2.456787E1,,,,,
2.458468E1,,,,,
2.460148E1,,,,,
2.461829E1,,,,,
2.463509E1,,,,,
2.465189E1,,,,,
2.466870E1,,,,,
2.468550E1,,,,,
2.470231E1,,,,,
2.471911E1,,,,,
2.473592E1,,,,,
2.475272E1,,,,,
2.476953E1,,,,,
2.478633E1,,,,,
2.480313E1,,,,,
2.481994E1,,,,,
2.483674E1,,,,,
2.485355E1,,,,,
2.487035E1,,,,,
2.488716E1,,,,,
2.490396E1,,,,,
2.492076E1,,,,,
2.493757E1,,,,,
2.495437E1,,,,,
2.497118E1,,,,,
2.498798E1,,,,,
2.500479E1,,,,,
2.502159E1,,,,,
2.503839E1,,,,,
2.505520E1,,,,,
2.507200E1,,,,,
2.508881E1,,,,,
2.510561E1,,,,,
2.512242E1,,,,,
2.513922E1,,,,,
2.515602E1,,,,,
2.517283E1,,,,,
2.518963E1,,,,,
2.520644E1,,,,,
2.522324E1,,,,,
2.524005E1,,,,,
2.525685E1,,,,,
2.527365E1,,,,,
2.529046E1,,,,,
2.530726E1,,,,,
2.532407E1,,,,,
2.534087E1,,,,,
2.535768E1,,,,,
2.537448E1,,,,,
2.539128E1,,,,,
2.540809E1,,,,,
2.542489E1,,,,,
2.544170E1,,,,,
2.545850E1,,,,,
2.547531E1,,,,,
2.549211E1,,,,,
2.550891E1,,,,,
2.552572E1,,,,,
2.554252E1,,,,,
2.555933E1,,,,,
2.557613E1,,,,,
2.559294E1,,,,,
2.560974E1,,,,,
2.562654E1,,,,,
2.564335E1,,,,,
2.566015E1,,,,,
2.567696E1,,,,,
2.569376E1,,,,,
2.571057E1,,,,,
2.572737E1,,,,,
2.574417E1,,,,,
2.576098E1,,,,,
2.577778E1,,,,,
2.579459E1,,,,,
2.581139E1,,,,,
2.582820E1,,,,,
2.584500E1,,,,,
2.586180E1,,,,,
2.587861E1,,,,,
2.589541E1,,,,,
2.591222E1,,,,,
2.592902E1,,,,,
2.594583E1,,,,,
2.596263E1,,,,,
2.597943E1,,,,,
2.599624E1,,,,,
2.601304E1,,,,,
2.602985E1,,,,,
2.604665E1,,,,,
2.606346E1,,,,,
2.608026E1,,,,,
2.609706E1,,,,,
2.611387E1,,,,,
2.613067E1,,,,,
2.614748E1,,,,,
2.616428E1,,,,,
2.618109E1,,,,,
2.619789E1,,,,,
2.621469E1,,,,,
2.623150E1,,,,,
2.624830E1,,,,,
2.626511E1,,,,,
2.628191E1,,,,,
2.629872E1,,,,,
2.631552E1,,,,,
2.633232E1,,,,,
2.634913E1,,,,,
2.636593E1,,,,,
2.638274E1,,,,,
2.639954E1,,,,,
2.641635E1,,,,,
2.643315E1,,,,,
2.644995E1,,,,,
2.646676E1,,,,,
2.648356E1,,,,,
2.650037E1,,,,,
2.651717E1,,,,,
2.653398E1,,,,,
2.655078E1,,,,,
2.656758E1,,,,,
2.658439E1,,,,,
2.660119E1,,,,,
2.661800E1,,,,,
2.663480E1,,,,,
2.665161E1,,,,,
2.666841E1,,,,,
2.668521E1,,,,,
2.670202E1,,,,,
2.671882E1,,,,,
2.673563E1,,,,,
2.675243E1,,,,,
2.676924E1,,,,,
2.678604E1,,,,,
2.680284E1,,,,,
2.681965E1,,,,,
2.683645E1,,,,,
2.685326E1,,,,,
2.687006E1,,,,,
2.688687E1,,,,,
2.690367E1,,,,,
2.692047E1,,,,,
2.693728E1,,,,,
2.695408E1,,,,,
2.697089E1,,,,,
2.698769E1,,,,,
2.700450E1,,,,,
2.702130E1,,,,,
2.703810E1,,,,,
2.705491E1,,,,,
2.707171E1,,,,,
2.708852E1,,,,,
2.710532E1,,,,,
2.712213E1,,,,,
2.713893E1,,,,,
2.715573E1,,,,,
2.717254E1,,,,,
2.718934E1,,,,,
2.720615E1,,,,,
2.722295E1,,,,,
2.723976E1,,,,,
2.725656E1,,,,,
2.727336E1,,,,,
2.729017E1,,,,,
2.730697E1,,,,,
2.732378E1,,,,,
2.734058E1,,,,,
2.735739E1,,,,,
2.737419E1,,,,,
2.739099E1,,,,,
2.740780E1,,,,,
2.742460E1,,,,,
2.744141E1,,,,,
2.745821E1,,,,,
2.747502E1,,,,,
2.749182E1,,,,,
2.750862E1,,,,,
2.752543E1,,,,,
2.754223E1,,,,,
2.755904E1,,,,,
2.757584E1,,,,,
2.759265E1,,,,,
2.760945E1,,,,,
2.762625E1,,,,,
2.764306E1,,,,,
2.765986E1,,,,,
2.767667E1,,,,,
2.769347E1,,,,,
2.771028E1,,,,,
2.772708E1,,,,,
2.774388E1,,,,,
2.776069E1,,,,,
2.777749E1,,,,,
2.779430E1,,,,,
2.781110E1,,,,,
2.782791E1,,,,,
2.784471E1,,,,,
2.786151E1,,,,,
2.787832E1,,,,,
2.789512E1,,,,,
2.791193E1,,,,,
2.792873E1,,,,,
2.794554E1,,,,,
2.796234E1,,,,,
2.797914E1,,,,,
2.799595E1,,,,,
2.801275E1,,,,,
2.802956E1,,,,,
2.804636E1,,,,,
2.806317E1,,,,,
2.807997E1,,,,,
2.809677E1,,,,,
2.811358E1,,,,,
2.813038E1,,,,,
2.814719E1,,,,,
2.816399E1,,,,,
2.818080E1,,,,,
2.819760E1,,,,,
2.821440E1,,,,,
2.823121E1,,,,,
2.824801E1,,,,,
2.826482E1,,,,,
2.828162E1,,,,,
2.829843E1,,,,,
2.831523E1,,,,,
2.833203E1,,,,,
2.834884E1,,,,,
2.836564E1,,,,,
2.838245E1,,,,,
2.839925E1,,,,,
2.841606E1,,,,,
2.843286E1,,,,,
2.844966E1,,,,,
2.846647E1,,,,,
2.848327E1,,,,,
2.850008E1,,,,,
2.851688E1,,,,,
2.853369E1,,,,,
2.855049E1,,,,,
2.856729E1,,,,,
2.858410E1,,,,,
2.860090E1,,,,,
2.861771E1,,,,,
2.863451E1,,,,,
2.865132E1,,,,,
2.866812E1,,,,,
2.868492E1,,,,,
2.870173E1,,,,,
2.871853E1,,,,,
2.873534E1,,,,,
2.875214E1,,,,,
2.876895E1,,,,,
2.878575E1,,,,,
2.880255E1,,,,,
2.881936E1,,,,,
2.883616E1,,,,,
2.885297E1,,,,,
2.886977E1,,,,,
2.888658E1,,,,,
2.890338E1,,,,,
2.892018E1,,,,,
2.893699E1,,,,,
2.895379E1,,,,,
2.897060E1,,,,,
2.898740E1,,,,,
2.900421E1,,,,,
2.902101E1,,,,,
2.903781E1,,,,,
2.905462E1,,,,,
2.907142E1,,,,,
2.908823E1,,,,,
2.910503E1,,,,,
2.912184E1,,,,,
2.913864E1,,,,,
2.915544E1,,,,,
2.917225E1,,,,,
2.918905E1,,,,,
2.920586E1,,,,,
2.922266E1,,,,,
2.923947E1,,,,,
2.925627E1,,,,,
2.927308E1,,,,,
2.928988E1,,,,,
2.930668E1,,,,,
2.932349E1,,,,,
2.934029E1,,,,,
2.935710E1,,,,,
2.937390E1,,,,,
2.939071E1,,,,,
2.940751E1,,,,,
2.942431E1,,,,,
2.944112E1,,,,,
2.945792E1,,,,,
2.947473E1,,,,,
2.949153E1,,,,,
2.950834E1,,,,,
2.952514E1,,,,,
2.954194E1,,,,,
2.955875E1,,,,,
2.957555E1,,,,,
2.959236E1,,,,,
2.960916E1,,,,,
2.962597E1,,,,,
2.964277E1,,,,,
2.965957E1,,,,,
2.967638E1,,,,,
2.969318E1,,,,,
2.970999E1,,,,,
2.972679E1,,,,,
2.974360E1,,,,,
2.976040E1,,,,,
2.977720E1,,,,,
2.979401E1,,,,,
2.981081E1,,,,,
2.982762E1,,,,,
2.984442E1,,,,,
2.986123E1,,,,,
2.987803E1,,,,,
2.989483E1,,,,,
2.991164E1,,,,,
2.992844E1,,,,,
2.994525E1,,,,,
2.996205E1,,,,,
2.997886E1,,,,,
2.999566E1,,,,,
3.001246E1,,,,,
3.002927E1,,,,,
3.004607E1,,,,,
3.006288E1,,,,,
3.007968E1,,,,,
3.009649E1,,,,,
3.011329E1,,,,,
3.013009E1,,,,,
3.014690E1,,,,,
3.016370E1,,,,,
3.018051E1,,,,,
3.019731E1,,,,,
3.021412E1,,,,,
3.023092E1,,,,,
3.024772E1,,,,,
3.026453E1,,,,,
3.028133E1,,,,,
3.029814E1,,,,,
3.031494E1,,,,,
3.033175E1,,,,,
3.034855E1,,,,,
3.036535E1,,,,,
3.038216E1,,,,,
3.039896E1,,,,,
3.041577E1,,,,,
3.043257E1,,,,,
3.044938E1,,,,,
3.046618E1,,,,,
3.048298E1,,,,,
3.049979E1,,,,,
3.051659E1,,,,,
3.053340E1,,,,,
3.055020E1,,,,,
3.056701E1,,,,,
3.058381E1,,,,,
3.060061E1,,,,,
3.061742E1,,,,,
3.063422E1,,,,,
3.065103E1,,,,,
3.066783E1,,,,,
3.068464E1,,,,,
3.070144E1,,,,,
3.071824E1,,,,,
3.073505E1,,,,,
3.075185E1,,,,,
3.076866E1,,,,,
3.078546E1,,,,,
3.080227E1,,,,,
3.081907E1,,,,,
3.083587E1,,,,,
3.085268E1,,,,,
3.086948E1,,,,,
3.088629E1,,,,,
3.090309E1,,,,,
3.091990E1,,,,,
3.093670E1,,,,,
3.095350E1,,,,,
3.097031E1,,,,,
3.098711E1,,,,,
3.100392E1,,,,,
3.102072E1,,,,,
3.103753E1,,,,,
3.105433E1,,,,,
3.107113E1,,,,,
3.108794E1,,,,,
3.110474E1,,,,,
3.112155E1,,,,,
3.113835E1,,,,,
3.115516E1,,,,,
3.117196E1,,,,,
3.118876E1,,,,,
3.120557E1,,,,,
3.122237E1,,,,,
3.123918E1,,,,,
3.125598E1,,,,,
3.127279E1,,,,,
3.128959E1,,,,,
3.130639E1,,,,,
3.132320E1,,,,,
3.134000E1,,,,,
3.135681E1,,,,,
3.137361E1,,,,,
3.139042E1,,,,,
3.140722E1,,,,,
3.142402E1,,,,,
3.144083E1,,,,,
3.145763E1,,,,,
3.147444E1,,,,,
3.149124E1,,,,,
3.150805E1,,,,,
3.152485E1,,,,,
3.154165E1,,,,,
3.155846E1,,,,,
3.157526E1,,,,,
3.159207E1,,,,,
3.160887E1,,,,,
3.162568E1,,,,,
3.164248E1,,,,,
3.165928E1,,,,,
3.167609E1,,,,,
3.169289E1,,,,,
3.170970E1,,,,,
3.172650E1,,,,,
3.174331E1,,,,,
3.176011E1,,,,,
3.177691E1,,,,,
3.179372E1,,,,,
3.181052E1,,,,,
3.182733E1,,,,,
3.184413E1,,,,,
3.186094E1,,,,,
3.187774E1,,,,,
3.189454E1,,,,,
3.191135E1,,,,,
3.192815E1,,,,,
3.194496E1,,,,,
3.196176E1,,,,,
3.197857E1,,,,,
3.199537E1,,,,,
3.201217E1,,,,,
3.202898E1,,,,,
3.204578E1,,,,,
3.206259E1,,,,,
3.207939E1,,,,,
3.209620E1,,,,,
3.211300E1,,,,,
3.212980E1,,,,,
3.214661E1,,,,,
3.216341E1,,,,,
3.218022E1,,,,,
3.219702E1,,,,,
3.221383E1,,,,,
3.223063E1,,,,,
3.224743E1,,,,,
3.226424E1,,,,,
3.228104E1,,,,,
3.229785E1,,,,,
3.231465E1,,,,,
3.233146E1,,,,,
3.234826E1,,,,,
3.236506E1,,,,,
3.238187E1,,,,,
3.239867E1,,,,,
3.241548E1,,,,,
3.243228E1,,,,,
3.244909E1,,,,,
3.246589E1,,,,,
3.248269E1,,,,,
3.249950E1,,,,,
3.251630E1,,,,,
3.253311E1,,,,,
3.254991E1,,,,,
3.256672E1,,,,,
3.258352E1,,,,,
3.260032E1,,,,,
3.261713E1,,,,,
3.263393E1,,,,,
3.265074E1,,,,,
3.266754E1,,,,,
3.268435E1,,,,,
3.270115E1,,,,,
3.271795E1,,,,,
3.273476E1,,,,,
3.275156E1,,,,,
3.276837E1,,,,,
3.278517E1,,,,,
3.280198E1,,,,,
3.281878E1,,,,,
3.283558E1,,,,,
3.285239E1,,,,,
3.286919E1,,,,,
3.288600E1,,,,,
3.290280E1,,,,,
3.291961E1,,,,,
3.293641E1,,,,,
3.295321E1,,,,,
3.297002E1,,,,,
3.298682E1,,,,,
3.300363E1,,,,,
3.302043E1,,,,,
3.303724E1,,,,,
3.305404E1,,,,,
3.307084E1,,,,,
3.308765E1,,,,,
3.310445E1,,,,,
3.312126E1,,,,,
3.313806E1,,,,,
3.315487E1,,,,,
3.317167E1,,,,,
3.318847E1,,,,,
3.320528E1,,,,,
3.322208E1,,,,,
3.323889E1,,,,,
3.325569E1,,,,,
3.327250E1,,,,,
3.328930E1,,,,,
3.330610E1,,,,,
3.332291E1,,,,,
3.333971E1,,,,,
3.335652E1,,,,,
3.337332E1,,,,,
3.339013E1,,,,,
3.340693E1,,,,,
3.342373E1,,,,,
3.344054E1,,,,,
3.345734E1,,,,,
3.347415E1,,,,,
3.349095E1,,,,,
3.350776E1,,,,,
3.352456E1,,,,,
3.354136E1,,,,,
3.355817E1,,,,,
3.357497E1,,,,,
3.359178E1,,,,,
3.360858E1,,,,,
3.362539E1,,,,,
3.364219E1,,,,,
3.365899E1,,,2.012507E0,,
3.367580E1,,,2.012105E0,,
3.369260E1,,,2.012105E0,,
3.370941E1,,,2.015724E0,,
3.372621E1,,,2.015724E0,,
3.374302E1,,,2.015724E0,,
3.375982E1,,,2.017333E0,,
3.377663E1,,,2.012105E0,,
3.379343E1,,,2.008485E0,,
3.381023E1,,,2.003659E0,,
3.382704E1,,,1.998028E0,,
3.384384E1,,,1.977919E0,,
3.386065E1,,,1.965854E0,,
3.387745E1,,,1.948962E0,,
3.389426E1,,,1.924430E0,,
3.391106E1,,,1.895875E0,,
3.392786E1,,,1.867640E0,,
3.394467E1,,,1.836329E0,,
3.396147E1,,,1.801477E0,,
3.397828E1,,,1.763323E0,,
3.399508E1,,,1.722365E0,,
3.401189E1,,,1.678866E0,,
3.402869E1,,,1.632139E0,,
3.404549E1,,,1.583248E0,,
3.406230E1,,,1.530360E0,,
3.407910E1,,,1.475056E0,,
3.409591E1,,,1.417056E0,,
3.411271E1,,,1.356177E0,,
3.412952E1,,,1.292712E0,,
3.414632E1,,,1.226817E0,,
3.416312E1,,,1.157772E0,,
3.417993E1,,,1.086312E0,,
3.419673E1,,,1.011239E0,,
3.421354E1,,,9.327002E-1,,
3.423034E1,,,8.254692E-1,,
3.424715E1,,,7.400603E-1,,
3.426395E1,,,6.495321E-1,,
3.428075E1,,,5.560196E-1,,
3.429756E1,,,4.588699E-1,,
3.431436E1,,,3.590810E-1,,
3.433117E1,,,2.567805E-1,,
3.434797E1,,,1.536812E-1,,
3.436478E1,,,5.115607E-2,,
3.438158E1,,,-2.576593E-3,,
3.439838E1,,,2.697161E-2,,
3.441519E1,,,,,
3.443199E1,,,,,
3.444880E1,,,,,
3.446560E1,,,,,
3.448241E1,,,,,
3.449921E1,,,,,
3.451601E1,,,,,
3.453282E1,,,,,
3.454962E1,,,,,
3.456643E1,,,,,
3.458323E1,,,,,
3.460004E1,,,,,
3.461684E1,,,,,
3.463364E1,,,,,
3.465045E1,,,,,
3.466725E1,,,,,
3.468406E1,,,,,
3.470086E1,,,,,
3.471767E1,,,,,
3.473447E1,,,,,
3.475127E1,,,,,
3.476808E1,,,,,
3.478488E1,,,,,
3.480169E1,,,,,
3.481849E1,,,,,
3.483530E1,,,,,
3.485210E1,,,,,
3.486890E1,,,,,
3.488571E1,,,,,
3.490251E1,,,,,
3.491932E1,,,,,
3.493612E1,,,,,
3.495293E1,,,,,
3.496973E1,,,,,
3.498653E1,,,,,
3.500334E1,,,,,
3.502014E1,,,,,
3.503695E1,,,,,
3.505375E1,,,,,
3.507056E1,,,,,
3.508736E1,,,,,
3.510416E1,,,,,
3.512097E1,,,,,
3.513777E1,,,,,
3.515458E1,,,,,
3.517138E1,,,,,
3.518819E1,,,,,
3.520499E1,,,,,
3.522179E1,,,,,
3.523860E1,,,,,
3.525540E1,,,,,
3.527221E1,,,,,
3.528901E1,,,,,
3.530582E1,,,,,
3.532262E1,,,,,
3.533942E1,,,,,
3.535623E1,,,,,
3.537303E1,,,,,
3.538984E1,,,,,
3.540664E1,,,,,
3.542345E1,,,,,
3.544025E1,,,,,
3.545705E1,,,,,
3.547386E1,,,,,
3.549066E1,,,,,
3.550747E1,,,,,
3.552427E1,,,,,
3.554108E1,,,,,
3.555788E1,,,,,
3.557468E1,,,,,
3.559149E1,,,,,
3.560829E1,,,,,
3.562510E1,,,,,
3.564190E1,,,,,
3.565871E1,,,,,
3.567551E1,,,,,
3.569231E1,,,,,
3.570912E1,,,,,
3.572592E1,,,,,
3.574273E1,,,,,
3.575953E1,,,,,
3.577634E1,,,,,
3.579314E1,,,,,
3.580994E1,,,,,
3.582675E1,,,,,
3.584355E1,,,,,
3.586036E1,,,,,
3.587716E1,,,,,
3.589397E1,,,,,
3.591077E1,,,,,
3.592757E1,,,,,
3.594438E1,,,,,
3.596118E1,,,,,
3.597799E1,,,,,
3.599479E1,,,,,
3.601160E1,,,,,
3.602840E1,,,,,
3.604520E1,,,,,
3.606201E1,,,,,
3.607881E1,,,,,
3.609562E1,,,,,
3.611242E1,,,,,
3.612923E1,,,,,
3.614603E1,,,,,
3.616283E1,,,,,
3.617964E1,,,,,
3.619644E1,,,,,
3.621325E1,,,,,
3.623005E1,,,,,
3.624686E1,,,,,
3.626366E1,,,,,
3.628046E1,,,,,
3.629727E1,,,,,
3.631407E1,,,,,
3.633088E1,,,,,
3.634768E1,,,,,
3.636449E1,,,,,
3.638129E1,,,,,
3.639809E1,,,,,
3.641490E1,,,,,
3.643170E1,,,,,
3.644851E1,,,,,
3.646531E1,,,,,
3.648212E1,,,,,
3.649892E1,,,,,
3.651572E1,,,,,
3.653253E1,,,,,
3.654933E1,,,,,
3.656614E1,,,,,
3.658294E1,,,,,
3.659975E1,,,,,
3.661655E1,,,,,
3.663335E1,,,,,
3.665016E1,,,,,
3.666696E1,,,,,
3.668377E1,,,,,
3.670057E1,,,,,
3.671738E1,,,,,
3.673418E1,,,,,
3.675098E1,,,,,
3.676779E1,,,,,
3.678459E1,,,,,
3.680140E1,,,,,
3.681820E1,,,,,
3.683501E1,,,,,
3.685181E1,,,,,
3.686861E1,,,,,
3.688542E1,,,,,
3.690222E1,,,,,
3.691903E1,,,,,
3.693583E1,,,,,
3.695264E1,,,,,
3.696944E1,,,,,
3.698624E1,,,,,
3.700305E1,,,,,
3.701985E1,,,,,
3.703666E1,,,,,
3.705346E1,,,,,
3.707027E1,,,,,
3.708707E1,,,,,
3.710387E1,,,,,
3.712068E1,,,,,
3.713748E1,,,,,
3.715429E1,,,,,
3.717109E1,,,,,
3.718790E1,,,,,
3.720470E1,,,,,
3.722150E1,,,,,
3.723831E1,,,,,
3.725511E1,,,,,
3.727192E1,,,,,
3.728872E1,,,,,
3.730553E1,,,,,
3.732233E1,,,,,
3.733913E1,,,,,
3.735594E1,,,,,
3.737274E1,,,,,
3.738955E1,,,,,
3.740635E1,,,,,
3.742316E1,,,,,
3.743996E1,,,,,
3.745676E1,,,,,
3.747357E1,,,,,
3.749037E1,,,,,
3.750718E1,,,,,
3.752398E1,,,,,
3.754079E1,,,,,
3.755759E1,,,,,
3.757439E1,,,,,
3.759120E1,,,,,
3.760800E1,,,,,
3.762481E1,,,,,
3.764161E1,,,,,
3.765842E1,,,,,
3.767522E1,,,,,
3.769202E1,,,,,
3.770883E1,,,,,
3.772563E1,,,,,
3.774244E1,,,,,
3.775924E1,,,,,
3.777605E1,,,,,
3.779285E1,,,,,
3.780965E1,,,,,
3.782646E1,,,,,
3.784326E1,,,,,
3.786007E1,,,,,
3.787687E1,,,,,
3.789368E1,,,,,
3.791048E1,,,,,
3.792728E1,,,,,
3.794409E1,,,,,
3.796089E1,,,,,
3.797770E1,,,,,
3.799450E1,,,,,
3.801131E1,,,,,
3.802811E1,,,,,
3.804491E1,,,,,
3.806172E1,,,,,
3.807852E1,,,,,
3.809533E1,,,,,
3.811213E1,,,,,
3.812894E1,,,,,
3.814574E1,,,,,
3.816254E1,,,,,
3.817935E1,,,,,
3.819615E1,,,,,
3.821296E1,,,,,
3.822976E1,,,,,
3.824657E1,,,,,
3.826337E1,,,,,
3.828018E1,,,,,
3.829698E1,,,,,
3.831378E1,,,,,
3.833059E1,,,,,
3.834739E1,,,,,
3.836420E1,,,,,
3.838100E1,,,,,
3.839781E1,,,,,
3.841461E1,,,,,
3.843141E1,,,,,
3.844822E1,,,,,
3.846502E1,,,,,
3.848183E1,,,,,
3.849863E1,,,,,
3.851544E1,,,,,
3.853224E1,,,,,
3.854904E1,,,,,
3.856585E1,,,,,
3.858265E1,,,,,
3.859946E1,,,,,
3.861626E1,,,,,
3.863307E1,,,,,
3.864987E1,,,,,
3.866667E1,,,,,
3.868348E1,,,,,
3.870028E1,,,,,
3.871709E1,,,,,
3.873389E1,,,,,
3.875070E1,,,,,
3.876750E1,,,,,
3.878430E1,,,,,
3.880111E1,,,,,
3.881791E1,,,,,
3.883472E1,,,,,
3.885152E1,,,,,
3.886833E1,,,,,
3.888513E1,,,,,
3.890193E1,,,,,
3.891874E1,,,,,
3.893554E1,,,,,
3.895235E1,,,,,
3.896915E1,,,,,
3.898596E1,,,,,
3.900276E1,,,,,
3.901956E1,,,,,
3.903637E1,,,,,
3.905317E1,,,,,
3.906998E1,,,,,
3.908678E1,,,,,
3.910359E1,,,,,
3.912039E1,,,,,
3.913719E1,,,,,
3.915400E1,,,,,
3.917080E1,,,,,
3.918761E1,,,,,
3.920441E1,,,,,
3.922122E1,,,,,
3.923802E1,,,,,
3.925482E1,,,,,
3.927163E1,,,,,
3.928843E1,,,,,
3.930524E1,,,,,
3.932204E1,,,,,
3.933885E1,,,,,
3.935565E1,,,,,
3.937245E1,,,,,
3.938926E1,,,,,
3.940606E1,,,,,
3.942287E1,,,,,
3.943967E1,,,,,
3.945648E1,,,,,
3.947328E1,,,,,
3.949008E1,,,,,
3.950689E1,,,,,
3.952369E1,,,,,
3.954050E1,,,,,
3.955730E1,,,,,
3.957411E1,,,,,
3.959091E1,,,,,
3.960771E1,,,,,
3.962452E1,,,,,
3.964132E1,,,,,
3.965813E1,,,,,
3.967493E1,,,,,
3.969174E1,,,,,
3.970854E1,,,,,
3.972534E1,,,,,
3.974215E1,,,,,
3.975895E1,,,,,
3.977576E1,,,,,
3.979256E1,,,,,
3.980937E1,,,,,
3.982617E1,,,,,
3.984297E1,,,,,
3.985978E1,,,,,
3.987658E1,,,,,
3.989339E1,,,,,
3.991019E1,,,,,
3.992700E1,,,,,
3.994380E1,,,,,
3.996060E1,,,,,
3.997741E1,,,,,
3.999421E1,,,,,
4.001102E1,,,,,
4.002782E1,,,,,
4.004463E1,,,,,
4.006143E1,,,,,
4.007823E1,,,,,
4.009504E1,,,,,
4.011184E1,,,,,
4.012865E1,,,,,
4.014545E1,,,,,
4.016226E1,,,,,
4.017906E1,,,,,
4.019586E1,,,,,
4.021267E1,,,,,
4.022947E1,,,,,
4.024628E1,,,,,
4.026308E1,,,,,
4.027989E1,,,,,
4.029669E1,,,,,
4.031349E1,,,,,
4.033030E1,,,,,
4.034710E1,,,,,
4.036391E1,,,,,
4.038071E1,,,,,
4.039752E1,,,,,
4.041432E1,,,,,
4.043112E1,,,,,
4.044793E1,,,,,
4.046473E1,,,,,
4.048154E1,,,,,
4.049834E1,,,,,
4.051515E1,,,,,
4.053195E1,,,,,
4.054875E1,,,,,
4.056556E1,,,,,
4.058236E1,,,,,
4.059917E1,,,,,
4.061597E1,,,,,
4.063278E1,,,,,
4.064958E1,,,,,
4.066638E1,,,,,
4.068319E1,,,,,
4.069999E1,,,,,
4.071680E1,,,,,
4.073360E1,,,,,
4.075041E1,,,,,
4.076721E1,,,,,
4.078401E1,,,,,
4.080082E1,,,,,
4.081762E1,,,,,
4.083443E1,,,,,
4.085123E1,,,,,
4.086804E1,,,,,
4.088484E1,,,,,
4.090164E1,,,,,
4.091845E1,,,,,
4.093525E1,,,,,
4.095206E1,,,,,
4.096886E1,,,,,
4.098567E1,,,,,
4.100247E1,,,,,
4.101927E1,,,,,
4.103608E1,,,,,
4.105288E1,,,,,
4.106969E1,,,,,
4.108649E1,,,,,
4.110330E1,,,,,
4.112010E1,,,,,
4.113690E1,,,,,
4.115371E1,,,,,
4.117051E1,,,,,
4.118732E1,,,,,
4.120412E1,,,,,
4.122093E1,,,,,
4.123773E1,,,,,
4.125453E1,,,,,
4.127134E1,,,,,
4.128814E1,,,,,
4.130495E1,,,,,
4.132175E1,,,,,
4.133856E1,,,,,
4.135536E1,,,,,
4.137216E1,,,,,
4.138897E1,,,,,
4.140577E1,,,,,
4.142258E1,,,,,
4.143938E1,,,,,
4.145619E1,,,,,
4.147299E1,,,,,
4.148979E1,,,,,
4.150660E1,,,,,
4.152340E1,,,,,
4.154021E1,,,,,
4.155701E1,,,,,
4.157382E1,,,,,
4.159062E1,,,,,
4.160742E1,,,,,
4.162423E1,,,,,
4.164103E1,,,,,
4.165784E1,,,,,
4.167464E1,,,,,
4.169145E1,,,,,
4.170825E1,,,,,
4.172505E1,,,,,
4.174186E1,,,,,
4.175866E1,,,,,
4.177547E1,,,,,
4.179227E1,,,,,
4.180908E1,,,,,
4.182588E1,,,,,
4.184268E1,,,,,
4.185949E1,,,,,
4.187629E1,,,,,
4.189310E1,,,,,
4.190990E1,,,,,
4.192671E1,,,,,
4.194351E1,,,,,
4.196031E1,,,,,
4.197712E1,,,,,
4.199392E1,,,,,
4.201073E1,,,,,
4.202753E1,,,,,
4.204434E1,,,,,
4.206114E1,,,,,
4.207794E1,,,,,
4.209475E1,,,,,
4.211155E1,,,,,
4.212836E1,,,,,
4.214516E1,,,,,
4.216197E1,,,,,
4.217877E1,,,,,
4.219557E1,,,,,
4.221238E1,,,,,
4.222918E1,,,,,
4.224599E1,,,,,
4.226279E1,,,,,
4.227960E1,,,,,
4.229640E1,,,,,
4.231320E1,,,,,
4.233001E1,,,,,
4.234681E1,,,,,
4.236362E1,,,,,
4.238042E1,,,,,
4.239723E1,,,,,
4.241403E1,,,,,
4.243083E1,,,,,
4.244764E1,,,,,
4.246444E1,,,,,
4.248125E1,,,,,
4.249805E1,,,,,
4.251486E1,,,,,
4.253166E1,,,,,
4.254846E1,,,,,
4.256527E1,,,,,
4.258207E1,,,,,
4.259888E1,,,,,
4.261568E1,,,,,
4.263249E1,,,,,
4.264929E1,,,,,
4.266609E1,,,,,
4.268290E1,,,,,
4.269970E1,,,,,
4.271651E1,,,,,
4.273331E1,,,,,
4.275012E1,,,,,
4.276692E1,,,,,
4.278373E1,,,,,
4.280053E1,,,,,
4.281733E1,,,,,
4.283414E1,,,,,
4.285094E1,,,,,
4.286775E1,,,,,
4.288455E1,,,,,
4.290136E1,,,,,
4.291816E1,,,,,
4.293496E1,,,,,
4.295177E1,,,,,
4.296857E1,,,,,
4.298538E1,,,,,
4.300218E1,,,,,
4.301899E1,,,,,
4.303579E1,,,,,
4.305259E1,,,,,
4.306940E1,,,,,
4.308620E1,,,,,
4.310301E1,,,,,
4.311981E1,,,,,
4.313662E1,,,,,
4.315342E1,,,,,
4.317022E1,,,,,
4.318703E1,,,,,
4.320383E1,,,,,
4.322064E1,,,,,
4.323744E1,,,,,
4.325425E1,,,,,
4.327105E1,,,,,
4.328785E1,,,,,
4.330466E1,,,,,
4.332146E1,,,,,
4.333827E1,,,,,
4.335507E1,,,,,
4.337188E1,,,,,
4.338868E1,,,,,
4.340548E1,,,,,
4.342229E1,,,,,
4.343909E1,,,,,
4.345590E1,,,,,
4.347270E1,,,,,
4.348951E1,,,,,
4.350631E1,,,,,
4.352311E1,,,,,
4.353992E1,,,,,
4.355672E1,,,,,
4.357353E1,,,,,
4.359033E1,,,,,
4.360714E1,,,,,
4.362394E1,,,,,
4.364074E1,,,,,
4.365755E1,,,,,
4.367435E1,,,,,
4.369116E1,,,,,
4.370796E1,,,,,
4.372477E1,,,,,
4.374157E1,,,,,
4.375837E1,,,,,
4.377518E1,,,,,
4.379198E1,,,,,
4.380879E1,,,,,
4.382559E1,,,,,
4.384240E1,,,,,
4.385920E1,,,,,
4.387600E1,,,,,
4.389281E1,,,,,
4.390961E1,,,,,
4.392642E1,,,,,
4.394322E1,,,,,
4.396003E1,,,,,
4.397683E1,,,,,
4.399363E1,,,,,
4.401044E1,,,,,
4.402724E1,,,,,
4.404405E1,,,,,
4.406085E1,,,,,
4.407766E1,,,,,
4.409446E1,,,,,
4.411126E1,,,,,
4.412807E1,,,,,
4.414487E1,,,,,
4.416168E1,,,,,
4.417848E1,,,,,
4.419529E1,,,,,
4.421209E1,,,,,
4.422889E1,,,,,
4.424570E1,,,,,
4.426250E1,,,,,
4.427931E1,,,,,
4.429611E1,,,,,
4.431292E1,,,,,
4.432972E1,,,,,
4.434652E1,,,,,
4.436333E1,,,,,
4.438013E1,,,,,
4.439694E1,,,,,
4.441374E1,,,,,
4.443055E1,,,,,
4.444735E1,,,,,
4.446415E1,,,,,
4.448096E1,,,,,
4.449776E1,,,,,
4.451457E1,,,,,
4.453137E1,,,,,
4.454818E1,,,,,
4.456498E1,,,,,
4.458178E1,,,,,
4.459859E1,,,,,
4.461539E1,,,,,
4.463220E1,,,,,
4.464900E1,,,,,
4.466581E1,,,,,
4.468261E1,,,,,
4.469941E1,,,,,
4.471622E1,,,,,
4.473302E1,,,,,
4.474983E1,,,,,
4.476663E1,,,,,
4.478344E1,,,,,
4.480024E1,,,,,
4.481704E1,,,,,
4.483385E1,,,,,
4.485065E1,,,,,
4.486746E1,,,,,
4.488426E1,,,,,
4.490107E1,,,,,
4.491787E1,,,,,
4.493467E1,,,,,
4.495148E1,,,,,
4.496828E1,,,,,
4.498509E1,,,,,
4.500189E1,,,,,
4.501870E1,,,,,
4.503550E1,,,,,
4.505230E1,,,,,
4.506911E1,,,,,
4.508591E1,,,,,
4.510272E1,,,,,
4.511952E1,,,,,
4.513633E1,,,,,
4.515313E1,,,,,
4.516993E1,,,,,
4.518674E1,,,,,
4.520354E1,,,,,
4.522035E1,,,,,
4.523715E1,,,,,
4.525396E1,,,,,
4.527076E1,,,,,
4.528756E1,,,,,
4.530437E1,,,,,
4.532117E1,,,,,
4.533798E1,,,,,
4.535478E1,,,,,
4.537159E1,,,,,
4.538839E1,,,,,
4.540519E1,,,,,
4.542200E1,,,,,
4.543880E1,,,,,
4.545561E1,,,,,
4.547241E1,,,,,
4.548922E1,,,,,
4.550602E1,,,,,
4.552282E1,,,,,
4.553963E1,,,,,
4.555643E1,,,,,
4.557324E1,,,,,
4.559004E1,,,,,
4.560685E1,,,,,
4.562365E1,,,,,
4.564045E1,,,,,
4.565726E1,,,,,
4.567406E1,,,,,
4.569087E1,,,,,
4.570767E1,,,,,
4.572448E1,,,,,
4.574128E1,,,,,
4.575808E1,,,,,
4.577489E1,,,,,
4.579169E1,,,,,
4.580850E1,,,,,
4.582530E1,,,,,
4.584211E1,,,,,
4.585891E1,,,,,
4.587571E1,,,,,
4.589252E1,,,,,
4.590932E1,,,,,
4.592613E1,,,,,
4.594293E1,,,,,
4.595974E1,,,,,
4.597654E1,,,,,
4.599334E1,,,,,
4.601015E1,,,,,
4.602695E1,,,,,
4.604376E1,,,,,
4.606056E1,,,,,
4.607737E1,,,,,
4.609417E1,,,,,
4.611097E1,,,,,
4.612778E1,,,,,
4.614458E1,,,,,
4.616139E1,,,,,
4.617819E1,,,,,
4.619500E1,,,,,
4.621180E1,,,,,
4.622860E1,,,,,
4.624541E1,,,,,
4.626221E1,,,,,
4.627902E1,,,,,
4.629582E1,,,,,
4.631263E1,,,,,
4.632943E1,,,,2.014124E0,
4.634623E1,,,,2.017252E0,
4.636304E1,,,,2.017821E0,
4.637984E1,,,,2.019242E0,
4.639665E1,,,,2.015830E0,
4.641345E1,,,,2.009290E0,
4.643026E1,,,,2.005309E0,
4.644706E1,,,,1.993366E0,
4.646386E1,,,,1.974315E0,
4.648067E1,,,,1.958391E0,
4.649747E1,,,,1.939908E0,
4.651428E1,,,,1.916022E0,
4.653108E1,,,,1.882184E0,
4.654789E1,,,,1.852926E0,
4.656469E1,,,,1.820336E0,
4.658149E1,,,,1.784487E0,
4.659830E1,,,,1.745557E0,
4.661510E1,,,,1.703438E0,
4.663191E1,,,,1.658599E0,
4.664871E1,,,,1.610274E0,
4.666552E1,,,,1.559250E0,
4.668232E1,,,,1.504070E0,
4.669912E1,,,,1.446247E0,
4.671593E1,,,,1.384562E0,
4.673273E1,,,,1.319547E0,
4.674954E1,,,,1.251755E0,
4.676634E1,,,,1.180260E0,
4.678315E1,,,,1.086850E0,
4.679995E1,,,,1.009680E0,
4.681675E1,,,,9.296415E-1,
4.683356E1,,,,8.466186E-1,
4.685036E1,,,,7.605315E-1,
4.686717E1,,,,6.713866E-1,
4.688397E1,,,,5.793923E-1,
4.690078E1,,,,4.840546E-1,
4.691758E1,,,,3.857165E-1,
4.693438E1,,,,2.835049E-1,
4.695119E1,,,,1.781756E-1,
4.696799E1,,,,7.163955E-2,
4.698480E1,,,,,
4.700160E1,,,,,
4.701841E1,,,,,
4.703521E1,,,,,
4.705201E1,,,,,
4.706882E1,,,,,
4.708562E1,,,,,
4.710243E1,,,,,
4.711923E1,,,,,
4.713604E1,,,,,
4.715284E1,,,,,
4.716965E1,,,,,
4.718645E1,,,,,
4.720325E1,,,,,
4.722006E1,,,,,
4.723686E1,,,,,
4.725367E1,,,,,
4.727047E1,,,,,
4.728728E1,,,,,
4.730408E1,,,,,
4.732088E1,,,,,
4.733769E1,,,,,
4.735449E1,,,,,
4.737130E1,,,,,
4.738810E1,,,,,
4.740491E1,,,,,
4.742171E1,,,,,
4.743851E1,,,,,
4.745532E1,,,,,
4.747212E1,,,,,
4.748893E1,,,,,
4.750573E1,,,,,
4.752254E1,,,,,
4.753934E1,,,,,
4.755614E1,,,,,
4.757295E1,,,,,
4.758975E1,,,,,
4.760656E1,,,,,
4.762336E1,,,,,
4.764017E1,,,,,
4.765697E1,,,,,
4.767377E1,,,,,
4.769058E1,,,,,
4.770738E1,,,,,
4.772419E1,,,,,
4.774099E1,,,,,
4.775780E1,,,,,
4.777460E1,,,,,
4.779140E1,,,,,
4.780821E1,,,,,
4.782501E1,,,,,
4.784182E1,,,,,
4.785862E1,,,,,
4.787543E1,,,,,
4.789223E1,,,,,
4.790903E1,,,,,
4.792584E1,,,,,
4.794264E1,,,,,
4.795945E1,,,,,
4.797625E1,,,,,
4.799306E1,,,,,
4.800986E1,,,,,
4.802666E1,,,,,
4.804347E1,,,,,
4.806027E1,,,,,
4.807708E1,,,,,
4.809388E1,,,,,
4.811069E1,,,,,
4.812749E1,,,,,
4.814429E1,,,,,
4.816110E1,,,,,
4.817790E1,,,,,
4.819471E1,,,,,
4.821151E1,,,,,
4.822832E1,,,,,
4.824512E1,,,,,
4.826192E1,,,,,
4.827873E1,,,,,
4.829553E1,,,,,
4.831234E1,,,,,
4.832914E1,,,,,
4.834595E1,,,,,
4.836275E1,,,,,
4.837955E1,,,,,
4.839636E1,,,,,
4.841316E1,,,,,
4.842997E1,,,,,
4.844677E1,,,,,
4.846358E1,,,,,
4.848038E1,,,,,
4.849718E1,,,,,
4.851399E1,,,,,
4.853079E1,,,,,
4.854760E1,,,,,
4.856440E1,,,,,
4.858121E1,,,,,
4.859801E1,,,,,
4.861481E1,,,,,
4.863162E1,,,,,
4.864842E1,,,,,
4.866523E1,,,,,
4.868203E1,,,,,
4.869884E1,,,,,
4.871564E1,,,,,
4.873244E1,,,,,
4.874925E1,,,,,
4.876605E1,,,,,
4.878286E1,,,,,
4.879966E1,,,,,
4.881647E1,,,,,
4.883327E1,,,,,
4.885007E1,,,,,
4.886688E1,,,,,
4.888368E1,,,,,
4.890049E1,,,,,
4.891729E1,,,,,
4.893410E1,,,,,
4.895090E1,,,,,
4.896770E1,,,,,
4.898451E1,,,,,
4.900131E1,,,,,
4.901812E1,,,,,
4.903492E1,,,,,
4.905173E1,,,,,
4.906853E1,,,,,
4.908533E1,,,,,
4.910214E1,,,,,
4.911894E1,,,,,
4.913575E1,,,,,
4.915255E1,,,,,
4.916936E1,,,,,
4.918616E1,,,,,
4.920296E1,,,,,
4.921977E1,,,,,
4.923657E1,,,,,
4.925338E1,,,,,
4.927018E1,,,,,
4.928699E1,,,,,
4.930379E1,,,,,
4.932059E1,,,,,
4.933740E1,,,,,
4.935420E1,,,,,
4.937101E1,,,,,
4.938781E1,,,,,
4.940462E1,,,,,
4.942142E1,,,,,
4.943822E1,,,,,
4.945503E1,,,,,
4.947183E1,,,,,
4.948864E1,,,,,
4.950544E1,,,,,
4.952225E1,,,,,
4.953905E1,,,,,
4.955585E1,,,,,
4.957266E1,,,,,
4.958946E1,,,,,
4.960627E1,,,,,
4.962307E1,,,,,
4.963988E1,,,,,
4.965668E1,,,,,
4.967348E1,,,,,
4.969029E1,,,,,
4.970709E1,,,,,
4.972390E1,,,,,
4.974070E1,,,,,
4.975751E1,,,,,
4.977431E1,,,,,
4.979111E1,,,,,
4.980792E1,,,,,
4.982472E1,,,,,
4.984153E1,,,,,
4.985833E1,,,,,
4.987514E1,,,,,
4.989194E1,,,,,
4.990874E1,,,,,
4.992555E1,,,,,
4.994235E1,,,,,
4.995916E1,,,,,
4.997596E1,,,,,
4.999277E1,,,,,
5.000957E1,,,,,
5.002637E1,,,,,
5.004318E1,,,,,
5.005998E1,,,,,
5.007679E1,,,,,
5.009359E1,,,,,
5.011040E1,,,,,
5.012720E1,,,,,
5.014400E1,,,,,
5.016081E1,,,,,
5.017761E1,,,,,
5.019442E1,,,,,
5.021122E1,,,,,
5.022803E1,,,,,
5.024483E1,,,,,
5.026163E1,,,,,
5.027844E1,,,,,
5.029524E1,,,,,
5.031205E1,,,,,
5.032885E1,,,,,
5.034566E1,,,,,
5.036246E1,,,,,
5.037926E1,,,,,
5.039607E1,,,,,
5.041287E1,,,,,
5.042968E1,,,,,
5.044648E1,,,,,
5.046329E1,,,,,
5.048009E1,,,,,
5.049689E1,,,,,
5.051370E1,,,,,
5.053050E1,,,,,
5.054731E1,,,,,
5.056411E1,,,,,
5.058092E1,,,,,
5.059772E1,,,,,
5.061452E1,,,,,
5.063133E1,,,,,
5.064813E1,,,,,
5.066494E1,,,,,
5.068174E1,,,,,
5.069855E1,,,,,
5.071535E1,,,,,
5.073215E1,,,,,
5.074896E1,,,,,
5.076576E1,,,,,
5.078257E1,,,,,
5.079937E1,,,,,
5.081618E1,,,,,
5.083298E1,,,,,
5.084978E1,,,,,
5.086659E1,,,,,
5.088339E1,,,,,
5.090020E1,,,,,
5.091700E1,,,,,
5.093381E1,,,,,
5.095061E1,,,,,
5.096741E1,,,,,
5.098422E1,,,,,
5.100102E1,,,,,
5.101783E1,,,,,
5.103463E1,,,,,
5.105144E1,,,,,
5.106824E1,,,,,
5.108504E1,,,,,
5.110185E1,,,,,
5.111865E1,,,,,
5.113546E1,,,,,
5.115226E1,,,,,
5.116907E1,,,,,
5.118587E1,,,,,
5.120267E1,,,,,
5.121948E1,,,,,
5.123628E1,,,,,
5.125309E1,,,,,
5.126989E1,,,,,
5.128670E1,,,,,
5.130350E1,,,,,
5.132030E1,,,,,
5.133711E1,,,,,
5.135391E1,,,,,
5.137072E1,,,,,
5.138752E1,,,,,
5.140433E1,,,,,
5.142113E1,,,,,
5.143793E1,,,,,
5.145474E1,,,,,
5.147154E1,,,,,
5.148835E1,,,,,
5.150515E1,,,,,
5.152196E1,,,,,
5.153876E1,,,,,
5.155556E1,,,,,
5.157237E1,,,,,
5.158917E1,,,,,
5.160598E1,,,,,
5.162278E1,,,,,
5.163959E1,,,,,
5.165639E1,,,,,
5.167320E1,,,,,
5.169000E1,,,,,
5.170680E1,,,,,
5.172361E1,,,,,
5.174041E1,,,,,
5.175722E1,,,,,
5.177402E1,,,,,
5.179083E1,,,,,
5.180763E1,,,,,
5.182443E1,,,,,
5.184124E1,,,,,
5.185804E1,,,,,
5.187485E1,,,,,
5.189165E1,,,,,
5.190846E1,,,,,
5.192526E1,,,,,
5.194206E1,,,,,
5.195887E1,,,,,
5.197567E1,,,,,
5.199248E1,,,,,
5.200928E1,,,,,
5.202609E1,,,,,
5.204289E1,,,,,
5.205969E1,,,,,
5.207650E1,,,,,
5.209330E1,,,,,
5.211011E1,,,,,
5.212691E1,,,,,
5.214372E1,,,,,
5.216052E1,,,,,
5.217732E1,,,,,
5.219413E1,,,,,
5.221093E1,,,,,
5.222774E1,,,,,
5.224454E1,,,,,
5.226135E1,,,,,
5.227815E1,,,,,
5.229495E1,,,,,
5.231176E1,,,,,
5.232856E1,,,,,
5.234537E1,,,,,
5.236217E1,,,,,
5.237898E1,,,,,
5.239578E1,,,,,
5.241258E1,,,,,
5.242939E1,,,,,
5.244619E1,,,,,
5.246300E1,,,,,
5.247980E1,,,,,
5.249661E1,,,,,
5.251341E1,,,,,
5.253021E1,,,,,
5.254702E1,,,,,
5.256382E1,,,,,
5.258063E1,,,,,
5.259743E1,,,,,
5.261424E1,,,,,
5.263104E1,,,,,
5.264784E1,,,,,
5.266465E1,,,,,
5.268145E1,,,,,
5.269826E1,,,,,
5.271506E1,,,,,
5.273187E1,,,,,
5.274867E1,,,,,
5.276547E1,,,,,
5.278228E1,,,,,
5.279908E1,,,,,
5.281589E1,,,,,
5.283269E1,,,,,
5.284950E1,,,,,
5.286630E1,,,,,
5.288310E1,,,,,
5.289991E1,,,,,
5.291671E1,,,,,
5.293352E1,,,,,
5.295032E1,,,,,
5.296713E1,,,,,
5.298393E1,,,,,
5.300073E1,,,,,
5.301754E1,,,,,
5.303434E1,,,,,
5.305115E1,,,,,
5.306795E1,,,,,
5.308476E1,,,,,
5.310156E1,,,,,
5.311836E1,,,,,
5.313517E1,,,,,
5.315197E1,,,,,
5.316878E1,,,,,
5.318558E1,,,,,
5.320239E1,,,,,
5.321919E1,,,,,
5.323599E1,,,,,
5.325280E1,,,,,
5.326960E1,,,,,
5.328641E1,,,,,
5.330321E1,,,,,
5.332002E1,,,,,
5.333682E1,,,,,
5.335362E1,,,,,
5.337043E1,,,,,
5.338723E1,,,,,
5.340404E1,,,,,
5.342084E1,,,,,
5.343765E1,,,,,
5.345445E1,,,,,
5.347125E1,,,,,
5.348806E1,,,,,
5.350486E1,,,,,
5.352167E1,,,,,
5.353847E1,,,,,
5.355528E1,,,,,
5.357208E1,,,,,
5.358888E1,,,,,
5.360569E1,,,,,
5.362249E1,,,,,
5.363930E1,,,,,
5.365610E1,,,,,
5.367291E1,,,,,
5.368971E1,,,,,
5.370651E1,,,,,
5.372332E1,,,,,
5.374012E1,,,,,
5.375693E1,,,,,
5.377373E1,,,,,
5.379054E1,,,,,
5.380734E1,,,,,
5.382414E1,,,,,
5.384095E1,,,,,
5.385775E1,,,,,
5.387456E1,,,,,
5.389136E1,,,,,
5.390817E1,,,,,
5.392497E1,,,,,
5.394177E1,,,,,
5.395858E1,,,,,
5.397538E1,,,,,
5.399219E1,,,,,
5.400899E1,,,,,
5.402580E1,,,,,
5.404260E1,,,,,
5.405940E1,,,,,
5.407621E1,,,,,
5.409301E1,,,,,
5.410982E1,,,,,
5.412662E1,,,,,
5.414343E1,,,,,
5.416023E1,,,,,
5.417703E1,,,,,
5.419384E1,,,,,
5.421064E1,,,,,
5.422745E1,,,,,
5.424425E1,,,,,
5.426106E1,,,,,
5.427786E1,,,,,
5.429466E1,,,,,
5.431147E1,,,,,
5.432827E1,,,,,
5.434508E1,,,,,
5.436188E1,,,,,
5.437869E1,,,,,
5.439549E1,,,,,
5.441229E1,,,,,
5.442910E1,,,,,
5.444590E1,,,,,
5.446271E1,,,,,
5.447951E1,,,,,
5.449632E1,,,,,
5.451312E1,,,,,
5.452992E1,,,,,
5.454673E1,,,,,
5.456353E1,,,,,
5.458034E1,,,,,
5.459714E1,,,,,
5.461395E1,,,,,
5.463075E1,,,,,
5.464755E1,,,,,
5.466436E1,,,,,
5.468116E1,,,,,
5.469797E1,,,,,
5.471477E1,,,,,
5.473158E1,,,,,
5.474838E1,,,,,
5.476518E1,,,,,
5.478199E1,,,,,
5.479879E1,,,,,
5.481560E1,,,,,
5.483240E1,,,,,
5.484921E1,,,,,
5.486601E1,,,,,
5.488281E1,,,,,
5.489962E1,,,,,
5.491642E1,,,,,
5.493323E1,,,,,
5.495003E1,,,,,
5.496684E1,,,,,
5.498364E1,,,,,
5.500044E1,,,,,
5.501725E1,,,,,
5.503405E1,,,,,
5.505086E1,,,,,
5.506766E1,,,,,
5.508447E1,,,,,
5.510127E1,,,,,
5.511807E1,,,,,
5.513488E1,,,,,
5.515168E1,,,,,
5.516849E1,,,,,
5.518529E1,,,,,
5.520210E1,,,,,
5.521890E1,,,,,
5.523570E1,,,,,
5.525251E1,,,,,
5.526931E1,,,,,
5.528612E1,,,,,
5.530292E1,,,,,
5.531973E1,,,,,
5.533653E1,,,,,
5.535333E1,,,,,
5.537014E1,,,,,
5.538694E1,,,,,
5.540375E1,,,,,
5.542055E1,,,,,
5.543736E1,,,,,
5.545416E1,,,,,
5.547096E1,,,,,
5.548777E1,,,,,
5.550457E1,,,,,
5.552138E1,,,,,
5.553818E1,,,,,
5.555499E1,,,,,
5.557179E1,,,,,
5.558859E1,,,,,
5.560540E1,,,,,
5.562220E1,,,,,
5.563901E1,,,,,
5.565581E1,,,,,
5.567262E1,,,,,
5.568942E1,,,,,
5.570622E1,,,,,
5.572303E1,,,,,
5.573983E1,,,,,
5.575664E1,,,,,
5.577344E1,,,,,
5.579025E1,,,,,
5.580705E1,,,,,
5.582385E1,,,,,
5.584066E1,,,,,
5.585746E1,,,,,
5.587427E1,,,,,
5.589107E1,,,,,
5.590788E1,,,,,
5.592468E1,,,,,
5.594148E1,,,,,
5.595829E1,,,,,
5.597509E1,,,,,
5.599190E1,,,,,
5.600870E1,,,,,
5.602551E1,,,,,
5.604231E1,,,,,
5.605911E1,,,,,
5.607592E1,,,,,
5.609272E1,,,,,
5.610953E1,,,,,2.014124E0
5.612633E1,,,,,2.012418E0
5.614314E1,,,,,2.012418E0
5.615994E1,,,,,2.013840E0
5.617675E1,,,,,2.014977E0
5.619355E1,,,,,2.010143E0
5.621035E1,,,,,2.003603E0
5.622716E1,,,,,1.992513E0
5.624396E1,,,,,1.977158E0
5.626077E1,,,,,1.968059E0
5.627757E1,,,,,1.950998E0
5.629438E1,,,,,1.929671E0
5.631118E1,,,,,1.901236E0
5.632798E1,,,,,1.874488E0
5.634479E1,,,,,1.844721E0
5.636159E1,,,,,1.811565E0
5.637840E1,,,,,1.775459E0
5.639520E1,,,,,1.736198E0
5.641201E1,,,,,1.693894E0
5.642881E1,,,,,1.647669E0
5.644561E1,,,,,1.598738E0
5.646242E1,,,,,1.519834E0
5.647922E1,,,,,1.463946E0
5.649603E1,,,,,1.405238E0
5.651283E1,,,,,1.343538E0
5.652964E1,,,,,1.277856E0
5.654644E1,,,,,1.209792E0
5.656324E1,,,,,1.139020E0
5.658005E1,,,,,1.065204E0
5.659685E1,,,,,9.890942E-1
5.661366E1,,,,,9.097057E-1
5.663046E1,,,,,8.278354E-1
5.664727E1,,,,,7.440134E-1
5.666407E1,,,,,6.563363E-1
5.668087E1,,,,,5.662141E-1
5.669768E1,,,,,4.724980E-1
5.671448E1,,,,,3.758994E-1
5.673129E1,,,,,2.741308E-1
5.674809E1,,,,,1.717884E-1
5.676490E1,,,,,7.896400E-2
5.678170E1,,,,,9.633264E-4
5.679850E1,,,,,3.608282E-2
